1.078808903694152832e-01,9.018535017967224121e-01,-2.478245086967945099e-02,-2.708934545516967773e-01,-7.248879671096801758e-01,-7.635435461997985840e-02,2.147388160228729248e-01,9.012246876955032349e-02,-6.847504973411560059e-01,7.367165386676788330e-02,1.466632038354873657e-01,4.996863007545471191e-01,1.466211974620819092e-01,1.565530747175216675e-01,6.071531772613525391e-01,-3.102416694164276123e-01,-1.590756773948669434e-01,8.645778894424438477e-01,-1.102968573570251465e+00,2.181213200092315674e-01,8.028681874275207520e-01,-1.600875854492187500e-01,7.664132863283157349e-02,2.535744309425354004e-01,-2.874304056167602539e-01,3.165610730648040771e-01,-5.410863757133483887e-01,-1.323512345552444458e-01,-7.848302721977233887e-01,-8.183248043060302734e-01,-9.630637764930725098e-01,-5.376315712928771973e-01
5.622851476073265076e-02,7.806012034416198730e-01,2.572626471519470215e-01,-6.531738042831420898e-01,-8.062629699707031250e-01,4.098905324935913086e-01,4.218657910823822021e-01,-7.966388016939163208e-02,-1.619174838066101074e+00,3.709675073623657227e-01,-3.191479444503784180e-01,4.681880772113800049e-01,2.650266587734222412e-01,8.705680966377258301e-01,-6.995670795440673828e-01,-6.693254709243774414e-01,6.627233028411865234e-01,1.255295991897583008e+00,-1.181792140007019043e+00,-3.042420446872711182e-01,-6.560992598533630371e-01,2.155265212059020996e-01,1.689305007457733154e-01,-8.997793793678283691e-01,-2.576166689395904541e-01,6.120013594627380371e-01,-7.719313502311706543e-01,-4.300081729888916016e-01,-5.067690610885620117e-01,-1.261448264122009277e+00,-5.582529902458190918e-01,-4.253434538841247559e-01
5.977639555931091309e-01,9.934358000755310059e-01,3.660634160041809082e-01,-7.014982104301452637e-01,-9.162840843200683594e-01,3.913322389125823975e-01,6.552535891532897949e-01,2.010347694158554077e-01,-1.304800152778625488e+00,5.574649572372436523e-01,2.188617289066314697e-01,6.770167350769042969e-01,7.796347141265869141e-01,4.157376587390899658e-01,-8.618241548538208008e-01,-3.655027449131011963e-01,2.155474871397018433e-01,7.442868351936340332e-01,-2.904483973979949951e-01,-1.226026490330696106e-01,-1.314882636070251465e+00,2.439064830541610718e-01,6.334968805313110352e-01,-9.746547937393188477e-01,-5.417180657386779785e-01,6.300733089447021484e-01,-5.391153097152709961e-01,-5.017478466033935547e-01,-7.808589190244674683e-02,-6.279294490814208984e-01,3.604327738285064697e-01,-2.235260605812072754e-01
9.608507752418518066e-01,1.062741875648498535e+00,-4.409771263599395752e-01,1.975470781326293945e-01,1.946407742798328400e-02,4.408535659313201904e-01,5.315505266189575195e-01,6.754009723663330078e-01,-3.118655979633331299e-01,4.433412253856658936e-01,5.813738107681274414e-01,8.834700584411621094e-01,6.356275081634521484e-01,4.310887455940246582e-01,4.257756769657135010e-01,-9.238171577453613281e-01,-3.370303809642791748e-01,-1.851870305836200714e-02,-3.093222975730895996e-01,4.455929696559906006e-01,-1.744599819183349609e+00,-1.079828366637229919e-01,7.245644927024841309e-01,9.713303297758102417e-02,-6.859150528907775879e-01,7.460823655128479004e-01,1.530580520629882812e-01,-4.641357660293579102e-01,1.889064460992813110e-01,5.476783495396375656e-03,1.235630288720130920e-01,-1.837732642889022827e-01
2.529230117797851562e-01,1.256961107254028320e+00,-1.053676486015319824e+00,-1.426947396248579025e-02,-1.382815986871719360e-01,-1.626709289848804474e-02,6.366226077079772949e-02,7.219285368919372559e-01,-1.903618103824555874e-04,1.427012979984283447e-01,-1.821025758981704712e-01,8.094874620437622070e-01,5.234068036079406738e-01,1.505284786224365234e+00,6.935793161392211914e-01,-3.549519777297973633e-01,-7.733566761016845703e-01,1.589597947895526886e-02,-8.820114731788635254e-01,-3.410721719264984131e-01,-1.195968627929687500e+00,3.783195912837982178e-01,3.851353824138641357e-01,1.159864783287048340e+00,-4.933744370937347412e-01,5.808183550834655762e-01,2.081992179155349731e-01,2.038843482732772827e-01,1.928386986255645752e-01,-4.264130443334579468e-02,-3.216703534126281738e-01,-4.526974856853485107e-01
7.494756579399108887e-01,5.620142221450805664e-01,-3.726598024368286133e-01,-8.132910728454589844e-01,-4.139307439327239990e-01,8.430424928665161133e-01,2.043419927358627319e-01,-3.872789144515991211e-01,-6.719167828559875488e-01,-4.912609979510307312e-02,5.196651816368103027e-01,5.211625099182128906e-01,-2.321696653962135315e-02,-2.077011585235595703e+00,1.291391968727111816e+00,-9.604945182800292969e-01,-4.068242851644754410e-04,1.095564961433410645e+00,-2.515280246734619141e-01,8.899527192115783691e-01,1.935202479362487793e-01,-4.452565908432006836e-01,2.685542404651641846e-01,7.174690961837768555e-01,2.394511364400386810e-02,2.538530826568603516e-01,-1.167316079139709473e+00,-9.589300155639648438e-01,7.139712572097778320e-02,-1.589253544807434082e+00,-9.158867001533508301e-01,-7.711790800094604492e-01
4.645579159259796143e-01,3.409524857997894287e-01,1.797116249799728394e-01,-1.353480935096740723e+00,-5.632374286651611328e-01,1.131452441215515137e+00,4.117571711540222168e-01,-5.318459272384643555e-01,-1.256335139274597168e+00,1.693730801343917847e-01,-2.242378145456314087e-01,5.565847158432006836e-01,1.305495202541351318e-02,7.975561618804931641e-01,2.902938611805438995e-02,-1.328597307205200195e+00,1.305187463760375977e+00,1.081577181816101074e+00,-2.215497344732284546e-01,-3.831095993518829346e-02,1.213536858558654785e-01,2.891477011144161224e-02,6.028136610984802246e-01,-6.251481771469116211e-01,2.070900946855545044e-01,-4.045427739620208740e-01,-1.127082705497741699e+00,-1.238608121871948242e+00,5.840973258018493652e-01,-2.057289838790893555e+00,-1.232778668403625488e+00,-1.273954007774591446e-02
1.193924188613891602e+00,3.534751236438751221e-01,-4.279244542121887207e-01,-9.920090436935424805e-01,-1.065984964370727539e+00,1.148271441459655762e+00,8.181190490722656250e-01,-2.630506455898284912e-01,-1.011169195175170898e+00,3.269676864147186279e-01,1.064296126365661621e+00,8.474760651588439941e-01,7.258480191230773926e-01,1.625052690505981445e-01,-1.226841449737548828e+00,-1.141963839530944824e+00,7.664445638656616211e-01,4.768314957618713379e-02,-3.704817891120910645e-01,-5.098646879196166992e-01,8.257593214511871338e-02,6.723669767379760742e-01,9.562116265296936035e-01,-1.229563474655151367e+00,7.244286686182022095e-02,-6.374743580818176270e-01,-4.008903503417968750e-01,-1.418550133705139160e+00,7.748597264289855957e-01,-1.024242281913757324e+00,7.570218443870544434e-01,1.696609407663345337e-01
1.695247054100036621e+00,6.388219594955444336e-01,-9.120607972145080566e-01,-1.088769063353538513e-01,-1.638287305831909180e+00,1.208960175514221191e+00,1.058703541755676270e+00,9.351832866668701172e-01,-3.813818395137786865e-01,2.360651791095733643e-01,1.112347483634948730e+00,8.560314774513244629e-01,8.588682413101196289e-01,-2.146637678146362305e+00,2.781080603599548340e-01,-1.448973059654235840e+00,-2.255326360464096069e-01,-4.473776221275329590e-01,-4.094313383102416992e-01,9.865491390228271484e-01,-3.825098872184753418e-01,-2.109337002038955688e-01,9.201246500015258789e-01,-1.283598691225051880e-01,-2.346440702676773071e-01,-4.120443761348724365e-02,3.981096148490905762e-01,-1.230863928794860840e+00,7.145846486091613770e-01,3.419024050235748291e-01,1.241192221641540527e+00,-1.792819648981094360e-01
9.079840183258056641e-01,6.935978531837463379e-01,-6.651767492294311523e-01,-6.855927705764770508e-01,-1.174178719520568848e+00,8.304118514060974121e-01,5.101260542869567871e-01,1.126527190208435059e+00,-8.111990988254547119e-02,2.749248594045639038e-02,-7.358043789863586426e-01,6.126064658164978027e-01,4.101403355598449707e-01,-4.673461019992828369e-01,1.302731394767761230e+00,-1.002902507781982422e+00,-1.292183041572570801e+00,1.786774098873138428e-01,3.742116391658782959e-01,4.978392720222473145e-01,-1.489131599664688110e-01,7.494659721851348877e-02,5.505802035331726074e-01,1.167822003364562988e+00,-1.178040057420730591e-01,1.758886128664016724e-01,5.330343842506408691e-01,-6.331306695938110352e-01,5.634431838989257812e-01,4.360173642635345459e-01,-1.944825798273086548e-01,-6.923860907554626465e-01
9.533172249794006348e-01,4.954963028430938721e-01,-4.986384510993957520e-01,-9.073145985603332520e-01,6.915673017501831055e-01,1.418867707252502441e+00,-2.675187587738037109e-01,1.265907287597656250e-01,-1.485293507575988770e-01,2.031472027301788330e-01,6.534621119499206543e-01,8.629525899887084961e-01,1.658063083887100220e-01,-1.789085745811462402e+00,9.913818836212158203e-01,-7.419974803924560547e-01,3.982334583997726440e-02,7.636178135871887207e-01,1.041235089302062988e+00,1.256421566009521484e+00,-4.353846609592437744e-01,-1.009923696517944336e+00,4.518237411975860596e-01,1.042739987373352051e+00,3.562694787979125977e-01,1.839307993650436401e-01,-1.170607686042785645e+00,-9.821201562881469727e-01,2.738570272922515869e-01,-1.135063052177429199e+00,-1.437127292156219482e-01,-6.649311780929565430e-01
4.130417406558990479e-01,4.181462824344635010e-01,-9.157943725585937500e-02,-1.000672340393066406e+00,-1.753862500190734863e-01,1.519050121307373047e+00,-1.329821348190307617e-01,-8.082049340009689331e-02,-7.171212434768676758e-01,3.929598629474639893e-01,-2.487482428550720215e-01,7.741295695304870605e-01,-1.187701299786567688e-01,-2.512890100479125977e-01,4.297537803649902344e-01,-1.312766194343566895e+00,1.210970401763916016e+00,1.038828372955322266e+00,1.052837848663330078e+00,4.172232449054718018e-01,6.438787579536437988e-01,-2.738967537879943848e-01,6.009273529052734375e-01,7.990233600139617920e-02,5.680448412895202637e-01,-6.101892590522766113e-01,-9.317665696144104004e-01,-1.558185815811157227e+00,2.841307520866394043e-01,-1.713882327079772949e+00,-1.424394845962524414e+00,-5.503835678100585938e-01
1.022285461425781250e+00,3.017081320285797119e-01,-1.374716758728027344e+00,-5.473089814186096191e-01,-3.670148253440856934e-01,1.278147459030151367e+00,7.325944304466247559e-01,2.586518228054046631e-01,-5.425796508789062500e-01,4.705548286437988281e-01,1.518092036247253418e+00,7.126933336257934570e-01,4.717764258384704590e-01,-9.629084467887878418e-01,-6.568049192428588867e-01,-8.526285886764526367e-01,7.769596576690673828e-01,-7.078950107097625732e-02,-2.993075549602508545e-02,-2.640825510025024414e-01,1.624041318893432617e+00,1.253135919570922852e+00,5.729427933692932129e-01,-1.055770874023437500e+00,4.502147436141967773e-01,-1.412465572357177734e+00,-2.195659726858139038e-01,-1.909271478652954102e+00,3.167371451854705811e-01,-1.048069238662719727e+00,-3.526239693164825439e-01,-7.856036424636840820e-01
1.795373320579528809e+00,5.575261116027832031e-01,-1.120034337043762207e+00,2.373882196843624115e-02,-5.421286821365356445e-01,9.608370661735534668e-01,1.265399336814880371e+00,1.552063703536987305e+00,-9.879252314567565918e-02,3.153333663940429688e-01,1.220849394798278809e+00,7.723183631896972656e-01,9.603312015533447266e-01,-2.790160179138183594e+00,2.549789547920227051e-01,-1.315703630447387695e+00,-7.212202548980712891e-01,-4.825207889080047607e-01,-3.204748332500457764e-01,1.124166369438171387e+00,1.945473313331604004e+00,4.737832769751548767e-02,2.553911507129669189e-01,-1.299349218606948853e-01,1.562385410070419312e-01,-1.148781895637512207e+00,7.947950363159179688e-01,-1.658199787139892578e+00,2.556972801685333252e-01,2.150523960590362549e-01,1.248442649841308594e+00,-1.034026384353637695e+00
1.053367376327514648e+00,5.701478123664855957e-01,-3.454961478710174561e-01,-4.459840655326843262e-01,1.696705967187881470e-01,7.395432591438293457e-01,1.003282904624938965e+00,1.693859577178955078e+00,1.267307549715042114e-01,2.449940145015716553e-01,-1.017826318740844727e+00,5.385828614234924316e-01,6.247305870056152344e-01,-3.043282628059387207e-01,1.142073154449462891e+00,-4.364149570465087891e-01,-1.764358878135681152e+00,7.165869474411010742e-01,2.085272222757339478e-01,1.495845913887023926e+00,1.504394412040710449e+00,-4.418580532073974609e-01,3.848810791969299316e-01,9.821450710296630859e-01,2.330709099769592285e-01,-2.456613928079605103e-01,1.165833115577697754e+00,-1.060662746429443359e+00,2.709566652774810791e-01,6.921780705451965332e-01,1.375847309827804565e-01,-1.361682415008544922e+00
8.225372433662414551e-01,1.163169369101524353e-02,-2.232312038540840149e-02,-3.992607891559600830e-01,1.447185158729553223e+00,9.093707799911499023e-01,-7.114988565444946289e-01,6.036061644554138184e-01,4.050761461257934570e-01,1.040658205747604370e-01,6.278880834579467773e-01,4.295574426651000977e-01,6.551945209503173828e-02,-6.229639053344726562e-01,3.937663733959197998e-01,-8.151056170463562012e-01,2.735677063465118408e-01,4.657346755266189575e-02,7.896780967712402344e-01,8.631038069725036621e-01,-2.077934741973876953e-01,-1.182275176048278809e+00,4.155482351779937744e-02,1.039868354797363281e+00,2.286082953214645386e-01,-4.102815091609954834e-01,-7.700342535972595215e-01,-6.375525593757629395e-01,3.431760966777801514e-01,-7.275543212890625000e-01,7.331656217575073242e-01,-4.772254824638366699e-01
1.660339832305908203e-01,-3.225582540035247803e-01,-2.368397638201713562e-02,-1.475830674171447754e-01,8.421927690505981445e-01,1.174561262130737305e+00,-5.303630232810974121e-01,5.358761548995971680e-01,1.407459676265716553e-01,4.060636758804321289e-01,-7.777439057826995850e-02,1.959402412176132202e-01,-2.486319690942764282e-01,-7.778545618057250977e-01,5.572154521942138672e-01,-1.169681429862976074e+00,9.699879288673400879e-01,9.048486948013305664e-01,6.872031092643737793e-01,8.026443719863891602e-01,-3.607611060142517090e-01,-5.466336011886596680e-01,-9.223800152540206909e-02,4.078265726566314697e-01,4.882121980190277100e-01,-7.765197008848190308e-02,-5.792241692543029785e-01,-1.076438188552856445e+00,1.803362667560577393e-01,-9.525244832038879395e-01,-4.209968447685241699e-01,-1.172927021980285645e+00
7.426180839538574219e-01,-3.480823934078216553e-01,-9.654147028923034668e-01,-2.723468244075775146e-01,9.132215380668640137e-01,9.015154242515563965e-01,2.251419723033905029e-01,5.120007991790771484e-01,1.482439637184143066e-01,2.064920067787170410e-01,1.269915223121643066e+00,1.738913357257843018e-01,3.947806358337402344e-01,-8.683791756629943848e-01,4.829892516136169434e-01,-5.313156843185424805e-01,7.178736925125122070e-01,7.320186495780944824e-01,1.343237400054931641e+00,2.741862535476684570e-01,1.838814616203308105e-01,2.248844623565673828e+00,-2.718687355518341064e-01,-4.346905648708343506e-01,5.819632411003112793e-01,-2.186876088380813599e-01,4.494778439402580261e-02,-1.291963815689086914e+00,1.973302066326141357e-01,-7.743004560470581055e-01,-8.182641267776489258e-01,-1.465503454208374023e+00
1.756344437599182129e+00,2.125618606805801392e-01,-2.792913913726806641e-01,3.469781875610351562e-01,2.003255605697631836e+00,4.968796968460083008e-01,4.200221002101898193e-01,1.265835642814636230e+00,3.949361443519592285e-01,7.162173092365264893e-02,1.254364967346191406e+00,3.229883611202239990e-01,6.734196543693542480e-01,-4.599160552024841309e-01,5.920365452766418457e-01,-1.273926973342895508e+00,-8.294009566307067871e-01,2.599124610424041748e-01,9.704726934432983398e-01,8.374593853950500488e-01,4.777035117149353027e-01,2.183740437030792236e-01,-6.790525317192077637e-01,-6.965610384941101074e-02,4.195771515369415283e-01,-5.564712360501289368e-02,9.802269935607910156e-01,-1.209148764610290527e+00,4.307806491851806641e-01,-2.170636802911758423e-01,5.875704288482666016e-01,-1.427321791648864746e+00
7.820910215377807617e-01,5.744598060846328735e-02,-3.868204653263092041e-01,3.465785384178161621e-01,2.257541179656982422e+00,2.731477618217468262e-01,8.401705622673034668e-01,1.244070768356323242e+00,7.563038468360900879e-01,-3.116622008383274078e-02,-1.121731042861938477e+00,3.236277401447296143e-01,6.170526742935180664e-01,1.789840102195739746e+00,5.306519269943237305e-01,-4.288522601127624512e-01,-1.408949613571166992e+00,1.160244226455688477e+00,3.842322230339050293e-01,1.025308251380920410e+00,1.740465015172958374e-01,-1.047094821929931641e+00,-5.427801609039306641e-01,5.110296010971069336e-01,5.169351696968078613e-01,5.425773262977600098e-01,8.518365621566772461e-01,-8.318877816200256348e-01,7.694535255432128906e-01,8.793099969625473022e-02,4.493141472339630127e-01,-1.089909791946411133e+00
3.848030567169189453e-01,-2.947842776775360107e-01,6.253774166107177734e-01,1.272045820951461792e-01,3.746150135993957520e-01,1.152007937431335449e+00,-1.129843592643737793e+00,4.286308884620666504e-01,7.143825888633728027e-01,4.354838654398918152e-02,5.011472702026367188e-01,-3.840657770633697510e-01,-3.059495389461517334e-01,-1.156509757041931152e+00,-2.572178244590759277e-01,-4.964284598827362061e-01,-5.327644571661949158e-02,-2.121572047472000122e-01,5.000329613685607910e-01,6.890288591384887695e-01,6.330695748329162598e-01,-8.791689276695251465e-01,-5.775789618492126465e-01,2.275451570749282837e-01,1.972326040267944336e-01,-5.995573401451110840e-01,-9.757170826196670532e-02,-3.504657745361328125e-02,7.588573098182678223e-01,1.025192886590957642e-01,3.525690138339996338e-01,1.961879581212997437e-01
-3.143070340156555176e-01,-1.199324131011962891e+00,5.743685364723205566e-01,8.290190100669860840e-01,1.047972321510314941e+00,1.428419351577758789e+00,-8.548749089241027832e-01,7.159410715103149414e-01,6.485030651092529297e-01,2.448702156543731689e-01,3.824018836021423340e-01,-5.661553144454956055e-01,-4.670961499214172363e-01,-5.702911615371704102e-01,1.871224641799926758e-01,-8.155640363693237305e-01,4.886954128742218018e-01,2.816320359706878662e-01,4.416940808296203613e-01,1.058534622192382812e+00,2.208170890808105469e-01,-8.450725078582763672e-01,-9.315146207809448242e-01,-1.310854703187942505e-01,4.446299374103546143e-01,5.783239603042602539e-01,5.891942884773015976e-03,-2.565825283527374268e-01,5.858755707740783691e-01,5.892301723361015320e-02,2.887991964817047119e-01,-5.181766748428344727e-01
1.906064003705978394e-01,-1.320669651031494141e+00,3.180356621742248535e-01,4.916712343692779541e-01,7.751095890998840332e-01,7.484310865402221680e-01,-3.366904556751251221e-01,5.291845798492431641e-01,5.729663372039794922e-01,1.029259264469146729e-01,9.058544039726257324e-01,-3.102928698062896729e-01,2.011190354824066162e-01,-8.254646062850952148e-01,6.243864297866821289e-01,-1.363610029220581055e-01,1.753544807434082031e-01,6.370927691459655762e-01,8.112069964408874512e-01,6.868035197257995605e-01,-2.437168806791305542e-01,1.524903774261474609e+00,-1.208022236824035645e+00,-3.606166318058967590e-02,4.586515724658966064e-01,1.350463867187500000e+00,6.770156621932983398e-01,-2.708616852760314941e-01,2.955671548843383789e-01,-1.403687447309494019e-01,-1.186422258615493774e-01,-9.437471628189086914e-01
9.816279411315917969e-01,-9.197357892990112305e-01,7.806825637817382812e-01,6.919066905975341797e-01,3.990832269191741943e-01,-9.650256484746932983e-02,-3.075038790702819824e-01,9.574925899505615234e-01,8.135122060775756836e-01,2.789506614208221436e-01,8.293898701667785645e-01,-5.148654058575630188e-02,3.735393881797790527e-01,-9.642983078956604004e-01,6.163446307182312012e-01,-8.660229444503784180e-01,-8.665364384651184082e-01,7.158280014991760254e-01,7.289538383483886719e-01,4.338030517101287842e-01,-7.725274562835693359e-01,-2.265422046184539795e-02,-1.285069942474365234e+00,1.305857673287391663e-02,3.552764654159545898e-01,1.399173498153686523e+00,8.756723403930664062e-01,-3.657101392745971680e-01,4.146181941032409668e-01,-2.949940264225006104e-01,2.491558939218521118e-01,-4.321539103984832764e-01
-5.012635141611099243e-02,-5.830329060554504395e-01,3.300451934337615967e-01,8.291146755218505859e-01,1.710192263126373291e-01,-3.275082111358642578e-01,-3.682107850909233093e-02,8.369565606117248535e-01,1.223186373710632324e+00,2.604413926601409912e-01,-7.687706351280212402e-01,2.534719407558441162e-01,3.749733269214630127e-01,2.194170206785202026e-01,1.252238750457763672e-01,-3.413565456867218018e-01,-9.956414699554443359e-01,1.178781867027282715e+00,2.502472102642059326e-01,3.064455091953277588e-01,-1.143364682793617249e-01,-1.457430720329284668e+00,-9.577786326408386230e-01,5.053889155387878418e-01,4.172859787940979004e-01,1.199862957000732422e+00,1.181600838899612427e-01,6.930632144212722778e-02,7.593700885772705078e-01,-2.923146486282348633e-01,3.729553222656250000e-01,1.322012394666671753e-01
-8.810761570930480957e-01,3.504036664962768555e-01,7.240542769432067871e-01,-6.411574780941009521e-02,4.561122059822082520e-01,-5.229331851005554199e-01,-6.406556367874145508e-01,-8.115553259849548340e-01,2.749072760343551636e-02,4.557890892028808594e-01,2.720186114311218262e-01,-2.404472827911376953e-01,-5.569274425506591797e-01,3.194689750671386719e-01,9.118831157684326172e-01,9.449648857116699219e-01,-6.884857267141342163e-02,7.976222038269042969e-01,2.674125730991363525e-01,-8.791699260473251343e-02,9.072517752647399902e-01,3.467105031013488770e-01,1.620118618011474609e-01,2.467434555292129517e-01,1.277543157339096069e-01,-5.630098581314086914e-01,-2.605551481246948242e-01,-1.053349450230598450e-01,2.211087346076965332e-01,7.349593192338943481e-02,-7.136040925979614258e-02,-2.637877315282821655e-02
-1.366457819938659668e+00,2.366616874933242798e-01,9.114831089973449707e-01,-2.828800082206726074e-01,8.092753291130065918e-01,-1.749732345342636108e-01,-4.224700331687927246e-01,-1.078500270843505859e+00,-7.126318812370300293e-01,7.249776124954223633e-01,5.154738947749137878e-02,-2.570717036724090576e-01,-4.816540181636810303e-01,7.310660481452941895e-01,-8.350109457969665527e-01,7.787759304046630859e-01,6.657789349555969238e-01,9.109874963760375977e-01,4.001581668853759766e-01,-7.206602096557617188e-01,-6.363214254379272461e-01,6.948038935661315918e-01,1.591255217790603638e-01,-1.019845962524414062e+00,-2.449315413832664490e-02,-3.738157823681831360e-02,-4.153881967067718506e-01,-1.458527445793151855e-01,5.606998205184936523e-01,-4.103989899158477783e-01,3.411576151847839355e-01,1.298134475946426392e-01
-1.119201540946960449e+00,4.203449189662933350e-01,9.135081768035888672e-01,-2.974717319011688232e-01,8.808119893074035645e-01,-4.301829934120178223e-01,4.377729818224906921e-02,-7.843922376632690430e-01,-5.657371878623962402e-01,8.071746826171875000e-01,8.942681550979614258e-01,1.367093473672866821e-01,-2.301727607846260071e-02,2.145670205354690552e-01,-1.363902211189270020e+00,1.049108505249023438e+00,1.887588202953338623e-01,1.023012772202491760e-01,1.279530525207519531e+00,-4.094138741493225098e-01,-1.401672005653381348e+00,5.763543844223022461e-01,6.030323505401611328e-01,-1.353297352790832520e+00,-8.110434561967849731e-02,1.497654914855957031e-01,-1.882835626602172852e-01,-3.278375789523124695e-02,1.125465035438537598e+00,1.131967753171920776e-01,1.150506734848022461e+00,4.505591988563537598e-01
-7.204443812370300293e-01,3.653279542922973633e-01,-5.552827939391136169e-02,5.406078100204467773e-01,1.734586596488952637e+00,-3.402762115001678467e-01,7.663499563932418823e-02,-2.442946135997772217e-01,5.006943643093109131e-02,6.129606962203979492e-01,1.182693362236022949e+00,4.711705744266510010e-01,-2.203219830989837646e-01,5.198352932929992676e-01,1.068628132343292236e-01,3.100538849830627441e-01,-1.460575610399246216e-01,-9.245443940162658691e-01,1.071948051452636719e+00,5.413610935211181641e-01,-1.838517904281616211e+00,2.532134950160980225e-01,7.394179105758666992e-01,-9.386476129293441772e-02,-1.985905319452285767e-01,4.194841682910919189e-01,6.520056724548339844e-01,-9.930715709924697876e-02,1.404518246650695801e+00,6.800501346588134766e-01,8.434286117553710938e-01,6.259995102882385254e-01
-1.182238698005676270e+00,4.848951995372772217e-01,-8.100714683532714844e-01,2.401142567396163940e-01,1.173921823501586914e+00,-7.686618566513061523e-01,-1.176949664950370789e-01,-1.629337817430496216e-01,6.059544160962104797e-02,3.487448692321777344e-01,2.126204371452331543e-01,5.112527012825012207e-01,-3.991630077362060547e-01,1.587411522865295410e+00,7.200462222099304199e-01,6.276080012321472168e-01,-6.939544081687927246e-01,-8.648904561996459961e-01,5.793018341064453125e-01,7.995308190584182739e-02,-1.230150461196899414e+00,7.533456683158874512e-01,4.363903403282165527e-01,1.183766126632690430e+00,-1.715733855962753296e-01,3.592196702957153320e-01,8.595069646835327148e-01,2.551412582397460938e-01,1.211891412734985352e+00,6.558603644371032715e-01,4.146795868873596191e-01,4.277114570140838623e-01
-8.452394008636474609e-01,1.220648363232612610e-01,5.987049341201782227e-01,-3.599995970726013184e-01,-7.802456617355346680e-02,-2.712788581848144531e-01,-8.078364133834838867e-01,-1.320137262344360352e+00,-1.466213166713714600e-01,1.602773815393447876e-01,3.808851242065429688e-01,-3.735570013523101807e-01,-8.601965308189392090e-01,-1.121664762496948242e+00,1.291024446487426758e+00,1.103266835212707520e+00,2.560284733772277832e-01,8.165906667709350586e-01,5.267876982688903809e-01,-2.301479429006576538e-01,2.228876352310180664e-01,-9.471088647842407227e-02,1.256927549839019775e-01,1.012460589408874512e+00,8.993217349052429199e-02,-3.062199354171752930e-01,-9.668817520141601562e-01,-2.679051458835601807e-01,7.131448388099670410e-01,-5.768972039222717285e-01,-7.591981440782546997e-02,-1.566936671733856201e-01
-1.609778523445129395e+00,1.827518455684185028e-02,1.127280235290527344e+00,-8.545396327972412109e-01,1.157725602388381958e-01,-1.562747806310653687e-01,-5.728969573974609375e-01,-1.601981282234191895e+00,-5.308591127395629883e-01,4.240338504314422607e-01,-3.180704712867736816e-01,-3.970207571983337402e-01,-8.849735260009765625e-01,1.480529785156250000e+00,-4.706389307975769043e-01,1.078338027000427246e+00,1.396864295005798340e+00,4.804661571979522705e-01,7.724970579147338867e-01,-1.423655509948730469e+00,-3.120833262801170349e-02,5.369132161140441895e-01,3.818552494049072266e-01,-4.101370573043823242e-01,1.162423193454742432e-01,-7.791023254394531250e-01,-8.826920390129089355e-01,-2.304536104202270508e-01,1.372629523277282715e+00,-9.782438874244689941e-01,-4.404809176921844482e-01,5.866863727569580078e-01
-1.213929891586303711e+00,9.468745440244674683e-03,5.245326161384582520e-01,-3.148834407329559326e-01,-2.548206150531768799e-01,-2.423641085624694824e-01,1.080660223960876465e-01,-1.295023798942565918e+00,-4.388733804225921631e-01,5.385277271270751953e-01,1.249384045600891113e+00,-1.528339236974716187e-01,-2.551731765270233154e-01,7.699365019798278809e-01,-2.177855491638183594e+00,1.207188606262207031e+00,8.100001215934753418e-01,-1.078037500381469727e+00,5.876032114028930664e-01,-1.788097023963928223e+00,-2.703968882560729980e-01,1.142021417617797852e+00,7.152235507965087891e-01,-1.298181533813476562e+00,1.576130390167236328e-01,-8.001297116279602051e-01,-1.847254782915115356e-01,-3.070333302021026611e-01,1.614112377166748047e+00,-1.444733142852783203e-01,1.373084783554077148e+00,7.925722599029541016e-01
-5.805370211601257324e-01,1.476866006851196289e-01,-3.331833984702825546e-03,6.211744546890258789e-01,-7.980105280876159668e-01,-1.623198390007019043e-01,4.823912382125854492e-01,-1.121314913034439087e-01,-3.664295077323913574e-01,4.210804700851440430e-01,1.395170807838439941e+00,-5.611354112625122070e-02,-8.637599647045135498e-02,-1.279251098632812500e+00,-5.421848893165588379e-01,6.077055335044860840e-01,-1.668577790260314941e-01,-1.852749347686767578e+00,3.552088737487792969e-01,2.641713321208953857e-01,-6.611545085906982422e-01,2.533685266971588135e-01,7.558181285858154297e-01,-1.991730779409408569e-01,-9.812389314174652100e-02,-4.964578151702880859e-02,6.829034686088562012e-01,-3.683005273342132568e-01,1.539925336837768555e+00,9.480704665184020996e-01,1.670487523078918457e+00,6.043269634246826172e-01
-1.078797101974487305e+00,-2.465423662215471268e-03,1.393696758896112442e-02,-1.223812699317932129e-01,-6.068006753921508789e-01,-5.208981037139892578e-01,1.506965011358261108e-01,1.966624110937118530e-01,-3.839266896247863770e-01,2.414747327566146851e-01,-4.715729057788848877e-01,-7.793637458235025406e-03,-4.372629523277282715e-01,3.315067291259765625e-01,8.477326035499572754e-01,7.764163017272949219e-01,-1.258115768432617188e+00,-1.042867183685302734e+00,1.244921565055847168e+00,2.929465472698211670e-01,-3.371986448764801025e-01,4.269931614398956299e-01,3.694634139537811279e-01,1.201843976974487305e+00,-1.544331312179565430e-01,2.639031708240509033e-01,9.358434081077575684e-01,-7.257555425167083740e-02,1.080356836318969727e+00,1.100706934928894043e+00,3.191027641296386719e-01,1.823513805866241455e-01
-8.096357583999633789e-01,9.958951920270919800e-02,6.787428855895996094e-01,-1.690157204866409302e-01,3.839386627078056335e-02,-6.314770877361297607e-02,-1.197867274284362793e+00,-7.970601916313171387e-01,-2.449921816587448120e-01,3.721228241920471191e-01,1.515703201293945312e-01,-2.206474840641021729e-01,-9.806580543518066406e-01,-2.604385912418365479e-01,6.609929800033569336e-01,1.712675571441650391e+00,1.987733989953994751e-01,3.401482105255126953e-01,1.191890716552734375e+00,-3.558643758296966553e-01,-2.791212201118469238e-01,-7.810961008071899414e-01,1.167290657758712769e-01,1.508235692977905273e+00,1.922643333673477173e-01,-4.981815442442893982e-02,-9.697065353393554688e-01,-1.704617142677307129e-01,4.429513514041900635e-01,-1.781819462776184082e-01,7.240348458290100098e-01,2.280672490596771240e-01
-1.860305786132812500e+00,6.618205457925796509e-02,1.054681181907653809e+00,-2.648009359836578369e-01,-6.466797590255737305e-01,-1.374371945858001709e-01,-1.054995775222778320e+00,-1.094443798065185547e+00,-6.772747039794921875e-01,5.600370168685913086e-01,-6.817285418510437012e-01,-3.875490725040435791e-01,-1.272509694099426270e+00,1.026332139968872070e+00,-2.516641616821289062e-01,1.658031344413757324e+00,1.240287780761718750e+00,2.466780692338943481e-01,1.278828263282775879e+00,-1.569063067436218262e+00,5.230583548545837402e-01,1.734117120504379272e-01,1.747855693101882935e-01,4.732786417007446289e-01,2.345207333564758301e-01,-6.937068700790405273e-01,-7.397733926773071289e-01,-4.648218750953674316e-01,5.357286930084228516e-01,-7.137426733970642090e-01,-4.446526169776916504e-01,1.692051291465759277e-01
-1.563450932502746582e+00,7.503537461161613464e-03,-1.351527422666549683e-01,3.422924280166625977e-01,-6.161847114562988281e-01,-4.246904253959655762e-01,-1.763138221576809883e-03,-8.436698913574218750e-01,-7.343761920928955078e-01,5.931635499000549316e-01,1.468305349349975586e+00,-5.544458627700805664e-01,-6.771361231803894043e-01,2.860361039638519287e-01,-1.682802319526672363e+00,2.060252666473388672e+00,7.691407203674316406e-01,-1.417596340179443359e+00,1.896509379148483276e-01,-2.229424953460693359e+00,1.268744707107543945e+00,1.737937092781066895e+00,1.035780757665634155e-01,-8.229990601539611816e-01,1.002645194530487061e-01,-1.161593794822692871e+00,-1.021898090839385986e-01,-5.578403472900390625e-01,6.151977181434631348e-01,-2.620622813701629639e-01,4.353604316711425781e-01,-1.434625387191772461e-01
-5.988345742225646973e-01,1.296625882387161255e-01,1.014656350016593933e-01,9.184988737106323242e-01,-8.627166748046875000e-01,-6.448048353195190430e-01,5.986608862876892090e-01,4.733034372329711914e-01,-6.557184457778930664e-01,5.267387628555297852e-01,1.452169179916381836e+00,-4.822403192520141602e-01,-7.527532428503036499e-02,-1.314704895019531250e+00,-7.607007026672363281e-01,1.103855490684509277e+00,-7.051140666007995605e-01,-2.042069435119628906e+00,-1.018843427300453186e-01,-2.557111084461212158e-01,1.704899311065673828e+00,5.111148357391357422e-01,-2.207612991333007812e-01,2.016129903495311737e-02,-1.704681366682052612e-01,-8.495545983314514160e-01,8.642075657844543457e-01,-5.058870911598205566e-01,4.499383568763732910e-01,8.363791108131408691e-01,1.869950890541076660e+00,-2.629423141479492188e-01
-1.106353163719177246e+00,-1.703243851661682129e-01,5.338475108146667480e-01,2.876689434051513672e-01,-3.982661664485931396e-01,-8.360750675201416016e-01,4.797838330268859863e-01,6.976028084754943848e-01,-6.474515199661254883e-01,4.887861013412475586e-01,-7.075555920600891113e-01,-4.192889630794525146e-01,-1.689126342535018921e-01,8.963319063186645508e-01,5.023726224899291992e-01,1.554293751716613770e+00,-1.724698543548583984e+00,-6.486970782279968262e-01,6.397541761398315430e-01,7.197167873382568359e-01,1.360008597373962402e+00,-1.008421927690505981e-01,-8.879898115992546082e-03,1.097963690757751465e+00,-1.483120918273925781e-01,7.954283058643341064e-02,1.217212677001953125e+00,-3.462936878204345703e-01,3.858291208744049072e-01,1.326294064521789551e+00,8.075268268585205078e-01,-4.728455245494842529e-01
-7.569971084594726562e-01,-6.398015618324279785e-01,1.087447404861450195e+00,3.893543779850006104e-01,6.810136139392852783e-02,-5.037105083465576172e-01,-1.509483575820922852e+00,-3.375388085842132568e-01,-3.082235455513000488e-01,2.648859024047851562e-01,3.016564249992370605e-01,-7.620816230773925781e-01,-1.150247812271118164e+00,8.776111006736755371e-01,-2.281638532876968384e-01,1.286950826644897461e+00,1.897202283143997192e-01,-4.462603628635406494e-01,3.864538371562957764e-01,-9.471939206123352051e-01,-4.994769021868705750e-02,-7.822551131248474121e-01,-2.298793345689773560e-01,1.772885084152221680e+00,-1.605418324470520020e-01,-4.851471781730651855e-01,-7.013058662414550781e-01,-1.265399456024169922e-01,-1.787999123334884644e-01,7.257460057735443115e-02,1.447076439857482910e+00,2.989514172077178955e-01
-1.871317148208618164e+00,-8.304457664489746094e-01,1.069549560546875000e+00,6.032316088676452637e-01,-2.745014727115631104e-01,-3.741053342819213867e-01,-1.312365651130676270e+00,-4.571853876113891602e-01,-6.044103503227233887e-01,5.612868666648864746e-01,-4.319129288196563721e-01,-1.116862773895263672e+00,-1.463549375534057617e+00,5.942660570144653320e-01,-1.191986724734306335e-01,1.362498283386230469e+00,8.834021687507629395e-01,6.757133454084396362e-02,3.155508041381835938e-01,-1.297221541404724121e+00,-6.403059363365173340e-01,8.735876530408859253e-03,-5.507819056510925293e-01,9.734395742416381836e-01,-4.196551814675331116e-02,8.292475342750549316e-02,-5.316019654273986816e-01,-3.420869112014770508e-01,-2.617253065109252930e-01,-2.630899846553802490e-01,5.123540759086608887e-01,-5.404120683670043945e-01
-1.473702669143676758e+00,-7.462025880813598633e-01,6.560681015253067017e-02,5.349894165992736816e-01,4.526758939027786255e-02,-7.010835409164428711e-01,-4.008588492870330811e-01,-5.212715864181518555e-01,-7.054744362831115723e-01,4.868678748607635498e-01,1.335107564926147461e+00,-1.272848725318908691e+00,-8.409044146537780762e-01,3.615883290767669678e-01,-4.065831601619720459e-01,1.970225930213928223e+00,5.894243121147155762e-01,-5.697529911994934082e-01,9.880111813545227051e-01,-1.731504082679748535e+00,-3.288535475730895996e-01,2.723042964935302734e+00,-9.180566668510437012e-01,-9.516838937997817993e-02,6.254298985004425049e-02,1.973037719726562500e-01,6.171119865030050278e-03,-2.981660962104797363e-01,-2.059930115938186646e-01,-2.670333683490753174e-01,6.124320253729820251e-02,-1.004986763000488281e+00
-2.753878235816955566e-01,-3.838206827640533447e-01,6.105335950851440430e-01,1.068273544311523438e+00,8.584243655204772949e-01,-1.064155101776123047e+00,-1.173040047287940979e-01,2.565816640853881836e-01,-6.788091659545898438e-01,3.852272927761077881e-01,1.623351335525512695e+00,-1.170053482055664062e+00,-4.367011785507202148e-01,7.665782570838928223e-01,-2.937943339347839355e-01,9.046121239662170410e-01,-9.540143013000488281e-01,-1.288321256637573242e+00,6.862339973449707031e-01,-7.295932173728942871e-01,5.115681514143943787e-02,6.432424783706665039e-01,-1.297973275184631348e+00,2.805969715118408203e-01,-1.549036521464586258e-02,3.339807689189910889e-01,8.985346555709838867e-01,-3.205555379390716553e-01,-7.563425600528717041e-02,2.396338880062103271e-01,1.335062265396118164e+00,-9.000028967857360840e-01
-9.607114195823669434e-01,-7.403192520141601562e-01,2.354513704776763916e-01,1.055486679077148438e+00,1.009084939956665039e+00,-1.210488080978393555e+00,4.035786092281341553e-01,4.138800501823425293e-01,-3.923657536506652832e-01,2.130716443061828613e-01,-6.582839488983154297e-01,-8.951371908187866211e-01,-1.696258932352066040e-01,2.698861598968505859e+00,-9.127004444599151611e-02,1.276076197624206543e+00,-1.376125335693359375e+00,-2.668662965297698975e-01,3.662202358245849609e-01,7.019097916781902313e-03,-2.006585747003555298e-01,-7.759667038917541504e-01,-1.011342406272888184e+00,7.196841239929199219e-01,5.817149952054023743e-02,7.989511489868164062e-01,7.377803325653076172e-01,-2.620543837547302246e-01,2.014434486627578735e-01,5.580170750617980957e-01,1.005013465881347656e+00,-3.140029013156890869e-01
-6.039731502532958984e-01,-1.155224204063415527e+00,1.682587027549743652e+00,7.733297944068908691e-01,-1.209456562995910645e+00,-3.198751062154769897e-02,-1.574601769447326660e+00,-4.820246696472167969e-01,-5.958914756774902344e-01,1.890683919191360474e-01,2.735418677330017090e-01,-1.455847859382629395e+00,-1.303881049156188965e+00,-9.100897610187530518e-02,-7.754908800125122070e-01,6.297929286956787109e-01,-3.491437435150146484e-01,-5.775585174560546875e-01,1.590733416378498077e-02,-8.815740346908569336e-01,4.098290205001831055e-01,-2.789255678653717041e-01,-7.277730703353881836e-01,1.048597216606140137e+00,-1.242162063717842102e-01,-6.246557235717773438e-01,-2.789999544620513916e-01,-2.703373320400714874e-03,-2.374841272830963135e-01,2.962761223316192627e-01,8.491508364677429199e-01,5.814015865325927734e-01
-1.678904533386230469e+00,-1.993056774139404297e+00,1.622842192649841309e+00,1.402992725372314453e+00,-2.574684023857116699e-01,1.686084568500518799e-01,-1.283583045005798340e+00,-2.004675120115280151e-01,-6.707452535629272461e-01,4.203323423862457275e-01,9.125734865665435791e-02,-1.878824710845947266e+00,-1.550070166587829590e+00,4.674653410911560059e-01,-3.628037273883819580e-01,5.397642850875854492e-01,3.172789514064788818e-01,-4.045100510120391846e-01,2.377064526081085205e-02,-6.876518726348876953e-01,-3.149510920047760010e-01,-9.310312569141387939e-02,-1.268592357635498047e+00,4.474370777606964111e-01,2.591045014560222626e-02,6.794500946998596191e-01,-3.002328276634216309e-01,-9.471654146909713745e-02,-3.028058409690856934e-01,1.779671907424926758e-01,1.014220118522644043e+00,-1.235326603055000305e-01
-1.123507618904113770e+00,-2.102404356002807617e+00,1.214607477188110352e+00,1.055954098701477051e+00,-3.636071383953094482e-01,-4.869436323642730713e-01,-6.232056617736816406e-01,-4.137009084224700928e-01,-7.768936157226562500e-01,4.364409446716308594e-01,9.129768610000610352e-01,-1.666194200515747070e+00,-8.666121363639831543e-01,1.491963565349578857e-01,-5.164115875959396362e-02,1.095294833183288574e+00,-1.008685491979122162e-02,-3.931460082530975342e-01,2.339189499616622925e-01,-9.129943847656250000e-01,-9.435973167419433594e-01,2.245159626007080078e+00,-1.724284410476684570e+00,3.317703902721405029e-01,8.135459572076797485e-02,1.597197771072387695e+00,2.845898568630218506e-01,4.057259112596511841e-02,-4.848985671997070312e-01,-1.742924004793167114e-02,7.717302441596984863e-01,-7.921771407127380371e-01
-1.320928484201431274e-01,-1.883848428726196289e+00,1.484348535537719727e+00,1.187833309173583984e+00,-1.034634470939636230e+00,-1.284815669059753418e+00,-5.632402896881103516e-01,4.410543292760848999e-02,-6.356542110443115234e-01,5.454112887382507324e-01,1.188589692115783691e+00,-1.409721732139587402e+00,-6.103095412254333496e-01,-1.538314521312713623e-01,-6.409988552331924438e-02,1.816438734531402588e-01,-1.058432579040527344e+00,-4.808997213840484619e-01,3.030502498149871826e-01,-8.863421678543090820e-01,-1.375135898590087891e+00,6.064417958259582520e-01,-1.879708528518676758e+00,3.783430159091949463e-01,8.668442070484161377e-02,1.784593582153320312e+00,5.162075161933898926e-01,-1.743888705968856812e-01,-3.531974852085113525e-01,-1.549891531467437744e-01,1.155820250511169434e+00,-3.192525804042816162e-01
-9.563387036323547363e-01,-1.519091844558715820e+00,7.262189984321594238e-01,1.317170143127441406e+00,-1.432643413543701172e+00,-1.417721867561340332e+00,-1.666141897439956665e-01,8.746927231550216675e-02,-2.879326343536376953e-01,3.219655454158782959e-01,-2.652144134044647217e-01,-9.332198500633239746e-01,-3.618309795856475830e-01,8.703143596649169922e-01,-3.533476591110229492e-01,4.339171648025512695e-01,-1.235465168952941895e+00,-1.064271032810211182e-01,9.911230206489562988e-02,-7.114725112915039062e-01,-7.347730994224548340e-01,-9.758407473564147949e-01,-1.403424263000488281e+00,8.546125292778015137e-01,1.266009211540222168e-01,1.438716173171997070e+00,-1.047872602939605713e-01,5.272287502884864807e-02,-1.293353438377380371e-01,-8.189605176448822021e-02,1.005765080451965332e+00,4.160302877426147461e-01
1.932665854692459106e-01,5.014260411262512207e-01,-2.808324396610260010e-01,-7.785452604293823242e-01,1.041071295738220215e+00,-7.550960183143615723e-01,-1.605902314186096191e-01,-7.304233312606811523e-01,1.333605885505676270e+00,2.650945484638214111e-01,-8.420426845550537109e-01,2.076359838247299194e-01,-3.193129897117614746e-01,-3.963991999626159668e-01,1.383003234863281250e+00,5.326582118868827820e-02,4.520549476146697998e-01,1.021510362625122070e+00,-3.200776576995849609e-01,2.999670505523681641e-01,2.736320495605468750e-01,-2.001447528600692749e-01,3.882018923759460449e-01,-2.104700505733489990e-01,5.454789996147155762e-01,-1.182187438011169434e+00,1.437733769416809082e-01,3.303256928920745850e-01,-2.024879455566406250e-01,-1.145510002970695496e-01,-8.216685056686401367e-01,3.557906150817871094e-01
-1.155178919434547424e-01,2.330906093120574951e-01,-3.921428024768829346e-01,-1.087424993515014648e+00,1.855183720588684082e+00,-4.235252737998962402e-01,2.523545920848846436e-01,-7.515659332275390625e-01,8.933120369911193848e-01,5.199221968650817871e-01,-9.765742421150207520e-01,4.439589083194732666e-01,-4.572383128106594086e-03,9.662958979606628418e-02,-4.298389852046966553e-01,-1.879867911338806152e-02,1.059820055961608887e+00,1.041063666343688965e+00,-3.450145721435546875e-01,-2.150910943746566772e-01,-8.965098261833190918e-01,1.460996270179748535e-01,4.464142322540283203e-01,-1.625247955322265625e+00,6.197244524955749512e-01,-4.753063321113586426e-01,4.840775206685066223e-02,7.219609618186950684e-01,-2.932193502783775330e-02,-5.850496292114257812e-01,-5.323991775512695312e-01,5.993569493293762207e-01
1.780232340097427368e-01,4.605355560779571533e-01,-4.518520534038543701e-01,-1.131338000297546387e+00,1.932758927345275879e+00,-4.577687382698059082e-01,7.609072327613830566e-01,-7.308051586151123047e-01,1.158611774444580078e+00,5.096167325973510742e-01,8.081398904323577881e-02,7.786194682121276855e-01,6.343392133712768555e-01,-2.742002904415130615e-01,-1.199153542518615723e+00,2.575026750564575195e-01,3.784109652042388916e-01,1.756698042154312134e-01,5.114398598670959473e-01,2.610940933227539062e-01,-1.600622057914733887e+00,9.921105206012725830e-02,1.011753678321838379e+00,-2.062084436416625977e+00,5.745605230331420898e-01,-3.516701757907867432e-01,3.343801200389862061e-01,9.910310506820678711e-01,5.142004489898681641e-01,8.010410517454147339e-02,3.293601274490356445e-01,8.352808952331542969e-01
5.631864666938781738e-01,4.001836180686950684e-01,-1.304914116859436035e+00,-2.868110835552215576e-01,2.426734209060668945e+00,-2.154546678066253662e-01,8.097708821296691895e-01,-4.110000431537628174e-01,1.353958606719970703e+00,4.235728085041046143e-01,4.173826873302459717e-01,9.596229791641235352e-01,5.344033241271972656e-01,6.268779933452606201e-02,1.104084551334381104e-01,-2.161879390478134155e-01,-8.485838770866394043e-04,-8.786563277244567871e-01,4.971226155757904053e-01,1.406221628189086914e+00,-1.873582363128662109e+00,-2.373714298009872437e-01,1.324987053871154785e+00,-9.458677768707275391e-01,3.989433944225311279e-01,8.264714479446411133e-02,1.129153251647949219e+00,8.959111571311950684e-01,8.541207313537597656e-01,7.665286064147949219e-01,1.808063387870788574e-01,1.043290615081787109e+00
-6.174303591251373291e-02,3.821029961109161377e-01,-2.078203916549682617e+00,-7.181682586669921875e-01,1.317629575729370117e+00,-4.726682901382446289e-01,7.546419501304626465e-01,-3.519801795482635498e-01,8.167474269866943359e-01,1.641891747713088989e-01,-7.169229984283447266e-01,1.011799335479736328e+00,2.964621782302856445e-01,1.021707057952880859e+00,5.240048766136169434e-01,4.717601239681243896e-01,-4.318232238292694092e-01,-1.231178283691406250e+00,2.255806922912597656e-01,9.800760149955749512e-01,-1.278236985206604004e+00,1.502770930528640747e-01,7.789568305015563965e-01,1.349029093980789185e-01,1.983735710382461548e-01,2.147049903869628906e-01,1.210313558578491211e+00,1.024649262428283691e+00,4.724666774272918701e-01,6.910235285758972168e-01,-1.949816048145294189e-01,1.025959372520446777e+00
4.518762826919555664e-01,5.088591575622558594e-01,-4.380411207675933838e-01,-9.467520117759704590e-01,3.461644649505615234e-01,-3.920593559741973877e-01,-2.729251384735107422e-01,-1.005035638809204102e+00,1.005125284194946289e+00,-1.276869326829910278e-01,-8.155058622360229492e-01,4.401233419775962830e-02,-3.080089986324310303e-01,-1.644288659095764160e+00,1.656627297401428223e+00,-1.450001150369644165e-01,7.906465530395507812e-01,1.136603832244873047e+00,-3.942760825157165527e-01,3.043023645877838135e-01,-1.448206156492233276e-01,-8.647236227989196777e-01,4.400413036346435547e-01,5.839623212814331055e-01,5.663303732872009277e-01,-7.180153727531433105e-01,-4.243935346603393555e-01,4.805365800857543945e-01,1.915437132120132446e-01,-7.379974126815795898e-01,-1.036625266075134277e+00,2.678047418594360352e-01
-2.497667074203491211e-02,2.419317215681076050e-01,-1.871647387742996216e-01,-1.507601141929626465e+00,1.149630665779113770e+00,-2.797093391418457031e-01,2.564155757427215576e-01,-1.022635698318481445e+00,1.114947557449340820e+00,6.981451809406280518e-02,-1.495457887649536133e+00,2.832559347152709961e-01,-5.671599507331848145e-02,8.195503950119018555e-01,-2.729353904724121094e-01,-9.964121133089065552e-02,1.742634057998657227e+00,6.098599433898925781e-01,-3.757569193840026855e-01,-8.132696151733398438e-01,-6.226418539881706238e-02,-2.024089545011520386e-01,6.680976748466491699e-01,-8.911123275756835938e-01,7.027416825294494629e-01,-1.004763722419738770e+00,-3.580942749977111816e-01,9.829403758049011230e-01,6.655325293540954590e-01,-1.173743844032287598e+00,-1.490737080574035645e+00,9.248833060264587402e-01
4.068909883499145508e-01,2.066958695650100708e-01,-8.690705895423889160e-01,-9.720900058746337891e-01,8.998786211013793945e-01,-2.823642492294311523e-01,8.593600392341613770e-01,-1.008051037788391113e+00,1.078573703765869141e+00,1.216832995414733887e-01,3.045172095298767090e-01,5.692169070243835449e-01,6.723173856735229492e-01,1.564236283302307129e-01,-2.157279968261718750e+00,4.832968115806579590e-02,9.766197800636291504e-01,-9.003341197967529297e-01,-5.899472832679748535e-01,-1.105823636054992676e+00,-1.562154591083526611e-01,4.335252046585083008e-01,1.118737697601318359e+00,-1.763852477073669434e+00,7.147955894470214844e-01,-1.020886421203613281e+00,3.809700608253479004e-01,1.228231072425842285e+00,8.231861591339111328e-01,-2.327712774276733398e-01,2.342660129070281982e-01,1.160720229148864746e+00
8.963971138000488281e-01,2.820877134799957275e-01,-1.236173152923583984e+00,-3.717852756381034851e-02,4.808071069419384003e-03,-1.721301674842834473e-02,1.149450063705444336e+00,-9.909023344516754150e-02,6.947670578956604004e-01,9.024391323328018188e-02,5.966081619262695312e-01,5.542745590209960938e-01,8.372887969017028809e-01,-1.652740716934204102e+00,-6.351063847541809082e-01,-3.343106508255004883e-01,4.716124013066291809e-02,-1.745868444442749023e+00,-6.335802674293518066e-01,1.267281413078308105e+00,-5.415462255477905273e-01,-3.752852380275726318e-01,1.268960118293762207e+00,-7.590565085411071777e-01,5.031249523162841797e-01,-1.527168154716491699e-01,1.234863877296447754e+00,1.007159590721130371e+00,7.063570618629455566e-01,9.997129440307617188e-01,5.319957733154296875e-01,1.060564637184143066e+00
1.169966906309127808e-01,8.008778095245361328e-02,-1.228316783905029297e+00,-8.350414037704467773e-01,-4.119527339935302734e-01,-9.418841451406478882e-02,9.819014668464660645e-01,2.071616649627685547e-01,1.278444677591323853e-01,-1.123528927564620972e-01,-1.427140116691589355e+00,5.102151632308959961e-01,4.736271202564239502e-01,-1.772009879350662231e-01,7.815473675727844238e-01,1.232066377997398376e-01,-9.322972297668457031e-01,-1.431661248207092285e+00,5.219641923904418945e-01,1.476419329643249512e+00,-3.782607913017272949e-01,-2.119116038084030151e-01,7.297741174697875977e-01,4.195215106010437012e-01,2.501199543476104736e-01,2.147430926561355591e-01,1.293522357940673828e+00,1.089656710624694824e+00,1.942323744297027588e-01,1.096647620201110840e+00,-6.477947235107421875e-01,7.103393673896789551e-01
7.122251987457275391e-01,4.659503400325775146e-01,-4.018394947052001953e-01,-6.965031027793884277e-01,5.098847672343254089e-02,8.953406475484371185e-03,-3.877361416816711426e-01,-4.906873106956481934e-01,7.381098866462707520e-01,-1.856893599033355713e-01,-1.116147279739379883e+00,2.349941283464431763e-01,-3.259031772613525391e-01,-8.286625146865844727e-01,8.923041224479675293e-01,2.577228248119354248e-01,7.365019917488098145e-01,7.061617970466613770e-01,-3.978796601295471191e-01,2.799808681011199951e-01,-3.929077982902526855e-01,-1.628035068511962891e+00,5.701029300689697266e-01,1.085429430007934570e+00,6.997559666633605957e-01,-3.504346609115600586e-01,-4.657212793827056885e-01,8.599274754524230957e-01,-2.442879974842071533e-01,-3.095081448554992676e-01,-5.489710569381713867e-01,5.548375844955444336e-01
-6.752298772335052490e-02,4.989438652992248535e-01,-1.262310296297073364e-01,-8.690600991249084473e-01,-1.061055716127157211e-02,-8.914967626333236694e-02,-1.994339749217033386e-02,-5.644280910491943359e-01,6.574957966804504395e-01,-1.356297880411148071e-01,-1.894791722297668457e+00,2.330083101987838745e-01,-3.563499748706817627e-01,2.136143147945404053e-01,-1.152396872639656067e-01,2.814903855323791504e-01,1.611999630928039551e+00,4.188434779644012451e-01,-6.157487034797668457e-01,-1.065066814422607422e+00,8.217175602912902832e-01,-6.544091701507568359e-01,7.940134406089782715e-01,6.425268203020095825e-02,6.740078330039978027e-01,-7.450379729270935059e-01,-1.075830385088920593e-01,1.021100401878356934e+00,-1.712527573108673096e-01,-9.349928498268127441e-01,-1.814024925231933594e+00,4.261712431907653809e-01
2.990987896919250488e-01,4.881749749183654785e-01,-1.442742466926574707e+00,-2.402908802032470703e-01,-5.469315126538276672e-02,-2.759738564491271973e-01,8.545140027999877930e-01,-4.646624028682708740e-01,4.283131062984466553e-01,-6.961669027805328369e-02,4.801557660102844238e-01,1.166598126292228699e-01,4.130598008632659912e-01,-4.030283689498901367e-01,-1.684242725372314453e+00,6.902567744255065918e-01,1.040165662765502930e+00,-1.264025330543518066e+00,-1.723789691925048828e+00,-1.719846844673156738e+00,1.624161005020141602e+00,9.198564291000366211e-01,8.692924976348876953e-01,-1.265605092048645020e+00,5.620720982551574707e-01,-1.202169775962829590e+00,5.349182486534118652e-01,1.090345025062561035e+00,-2.462527453899383545e-01,-3.347967267036437988e-01,-1.002678990364074707e+00,1.332075744867324829e-01
9.514552950859069824e-01,4.682003557682037354e-01,-1.200829863548278809e+00,3.783794939517974854e-01,-6.125229001045227051e-01,-2.176251262426376343e-01,1.367076039314270020e+00,7.137351036071777344e-01,-3.588184341788291931e-02,-2.965323440730571747e-02,6.371024847030639648e-01,1.417382359504699707e-01,9.835221171379089355e-01,-1.713630795478820801e+00,-8.163455724716186523e-01,-5.565957725048065186e-02,-3.051902651786804199e-01,-1.974999785423278809e+00,-1.714948058128356934e+00,5.946907401084899902e-01,1.914944887161254883e+00,-2.343223541975021362e-01,5.072404146194458008e-01,-5.395741462707519531e-01,3.651191890239715576e-01,-8.904079198837280273e-01,1.337425827980041504e+00,9.932480454444885254e-01,-4.001370072364807129e-01,8.869943618774414062e-01,4.092650413513183594e-01,1.428523510694503784e-01
1.754343807697296143e-01,5.513917654752731323e-02,-8.322751522064208984e-01,-3.126392960548400879e-01,-6.270123720169067383e-01,-1.453191488981246948e-01,1.238951921463012695e+00,8.347607254981994629e-01,-4.570516645908355713e-01,-1.301366090774536133e-01,-1.612428545951843262e+00,2.001530081033706665e-01,9.592223167419433594e-01,2.959466278553009033e-01,4.802763462066650391e-01,5.345196127891540527e-01,-1.086618423461914062e+00,-1.068987369537353516e+00,-5.241060853004455566e-01,1.895601511001586914e+00,1.524572253227233887e+00,-8.253141045570373535e-01,5.593919754028320312e-01,4.428521692752838135e-01,2.866488695144653320e-01,-4.003983736038208008e-02,1.517337799072265625e+00,9.278934001922607422e-01,-5.262825489044189453e-01,1.374397754669189453e+00,-5.041174292564392090e-01,6.553579866886138916e-02
8.744679093360900879e-01,-2.570957839488983154e-01,-6.271647661924362183e-02,-1.087131053209304810e-01,1.427284255623817444e-02,-2.736273407936096191e-01,-4.254640638828277588e-01,-6.264073401689529419e-02,3.616632819175720215e-01,-4.537791609764099121e-01,-8.995160460472106934e-01,-1.444868743419647217e-01,-3.590478003025054932e-01,3.459387421607971191e-01,-1.659982204437255859e-01,-2.841704785823822021e-01,5.809594392776489258e-01,8.210192434489727020e-03,-1.559885859489440918e+00,-3.886172473430633545e-01,1.907102316617965698e-01,-1.603047370910644531e+00,4.472002089023590088e-01,1.547506332397460938e+00,1.403110176324844360e-01,-5.340664386749267578e-01,-5.307128429412841797e-01,7.197642326354980469e-01,-1.050858497619628906e+00,-2.536707818508148193e-01,-3.940011188387870789e-02,5.302016735076904297e-01
-4.348167777061462402e-02,-3.196287155151367188e-01,-7.407203316688537598e-02,4.420543089509010315e-03,-2.640665322542190552e-02,-4.128003120422363281e-02,-5.284366384148597717e-02,-6.107785925269126892e-02,2.447834014892578125e-01,-3.243995308876037598e-01,-1.728805541992187500e+00,-4.476360082626342773e-01,-4.481755793094635010e-01,-1.230685487389564514e-01,-1.546955406665802002e-01,-3.174483180046081543e-01,1.310168385505676270e+00,3.200244605541229248e-01,-1.933930873870849609e+00,-7.918030619621276855e-01,-7.312986254692077637e-02,-8.490175604820251465e-01,2.906355857849121094e-01,7.718887925148010254e-01,3.798146247863769531e-01,7.816793769598007202e-02,-5.504472926259040833e-02,8.265480995178222656e-01,-1.109066128730773926e+00,-4.450712800025939941e-01,-1.076944351196289062e+00,-3.415542244911193848e-01
3.966958820819854736e-01,-8.715365827083587646e-02,-1.128505349159240723e+00,6.033250689506530762e-02,9.376394003629684448e-02,-1.457859873771667480e-01,7.362896203994750977e-01,-6.970763206481933594e-02,-5.399817228317260742e-02,-3.473527729511260986e-01,1.817765682935714722e-01,-7.168237566947937012e-01,3.590895533561706543e-01,-3.034104406833648682e-01,-4.641348719596862793e-01,2.627752125263214111e-01,1.101052045822143555e+00,-4.915218055248260498e-01,-1.310921311378479004e+00,-1.249674558639526367e+00,2.811692953109741211e-01,1.775880455970764160e+00,1.840397417545318604e-01,-3.830007910728454590e-01,4.706118702888488770e-01,2.763334214687347412e-01,4.892346560955047607e-01,1.076259851455688477e+00,-1.134770989418029785e+00,-4.458572268486022949e-01,-1.603412747383117676e+00,-7.915919423103332520e-01
1.425498008728027344e+00,9.356345981359481812e-02,-6.529111862182617188e-01,6.087057590484619141e-01,6.167812943458557129e-01,-2.061958163976669312e-01,9.397878646850585938e-01,7.247564196586608887e-01,-4.462448358535766602e-01,-2.745068073272705078e-01,6.335093379020690918e-01,-6.595242023468017578e-01,8.244271874427795410e-01,8.063497394323348999e-02,-4.057979881763458252e-01,-3.957047462463378906e-01,-3.127354085445404053e-01,-1.308017969131469727e+00,-1.142223477363586426e+00,-9.541983157396316528e-02,6.418497562408447266e-01,-1.144711971282958984e-01,-3.029455244541168213e-01,-1.340807676315307617e-01,4.091282486915588379e-01,3.121941089630126953e-01,1.263970851898193359e+00,9.092566370964050293e-01,-1.011911392211914062e+00,1.351854503154754639e-01,-3.703865408897399902e-01,-5.672435164451599121e-01
6.126461625099182129e-01,-2.647697925567626953e-01,-1.071774125099182129e+00,4.296813309192657471e-01,3.834861516952514648e-01,-1.576300561428070068e-01,1.328728318214416504e+00,8.104242682456970215e-01,-4.471324980258941650e-01,-4.058402776718139648e-01,-1.729630231857299805e+00,-2.466428428888320923e-01,1.118058323860168457e+00,1.829591393470764160e+00,-2.761766910552978516e-01,1.070051044225692749e-01,-7.465176582336425781e-01,-4.926654696464538574e-01,-9.137297272682189941e-01,8.867342472076416016e-01,4.022127687931060791e-01,-1.355747580528259277e+00,-2.032499760389328003e-01,2.244756221771240234e-01,4.493388235569000244e-01,6.506319046020507812e-01,1.048213839530944824e+00,7.022313475608825684e-01,-7.267897725105285645e-01,6.038770079612731934e-01,-5.235561728477478027e-01,1.696830391883850098e-01
1.135207414627075195e+00,-8.443593382835388184e-01,5.695121884346008301e-01,3.570547997951507568e-01,-1.027782678604125977e+00,2.817107439041137695e-01,-3.232572376728057861e-01,-2.806779742240905762e-01,-2.465421408414840698e-01,-5.658364295959472656e-01,-9.698716998100280762e-01,-7.978667020797729492e-01,-3.857177197933197021e-01,-7.855570912361145020e-01,-8.458750844001770020e-01,-7.108312845230102539e-01,-1.244169622659683228e-01,-1.476908177137374878e-01,-1.558976292610168457e+00,-2.786753177642822266e-01,1.173214554786682129e+00,-1.055035829544067383e+00,-2.258744537830352783e-01,8.950984477996826172e-01,1.524037867784500122e-01,-3.806429207324981689e-01,-4.574779272079467773e-01,4.822735190391540527e-01,-1.307759761810302734e+00,-4.893054440617561340e-02,-4.843584299087524414e-01,7.368501424789428711e-01
2.020291239023208618e-01,-1.555747151374816895e+00,5.305343866348266602e-01,8.632304668426513672e-01,-1.147068440914154053e-01,6.543322801589965820e-01,1.532437354326248169e-01,1.706995517015457153e-01,-1.644128859043121338e-01,-4.944447576999664307e-01,-1.250243782997131348e+00,-1.212089300155639648e+00,-4.349377453327178955e-01,-3.538113534450531006e-01,-5.260972976684570312e-01,-9.563608765602111816e-01,7.098993659019470215e-01,-2.096903920173645020e-01,-1.831726670265197754e+00,-7.599922269582748413e-02,3.293330967426300049e-01,-8.951339721679687500e-01,-4.576480984687805176e-01,2.902625203132629395e-01,4.815500080585479736e-01,8.490669131278991699e-01,-2.488127052783966064e-01,5.283024907112121582e-01,-1.357940196990966797e+00,-6.555037945508956909e-02,-4.718076586723327637e-01,-6.847711279988288879e-03
7.691894173622131348e-01,-1.480541706085205078e+00,1.095718890428543091e-01,5.860403180122375488e-01,-4.372878968715667725e-01,2.755101323127746582e-01,6.964263916015625000e-01,7.907667756080627441e-02,-4.352124631404876709e-01,-3.842028379440307617e-01,-2.724569439888000488e-01,-1.212558984756469727e+00,3.428265452384948730e-01,-8.044068217277526855e-01,-1.294533312320709229e-01,-4.451563358306884766e-01,4.995030164718627930e-01,-2.744480073451995850e-01,-1.504309773445129395e+00,-1.968021839857101440e-01,-1.940296590328216553e-01,1.455412983894348145e+00,-5.919808149337768555e-01,4.708293825387954712e-02,5.293325185775756836e-01,1.815259695053100586e+00,3.196463882923126221e-01,8.004406094551086426e-01,-1.531617403030395508e+00,-3.367246985435485840e-01,-7.599421143531799316e-01,-5.561193823814392090e-01
1.777023673057556152e+00,-1.265747785568237305e+00,3.170814514160156250e-01,7.034537196159362793e-01,-1.265449762344360352e+00,-2.119455486536026001e-01,6.795114278793334961e-01,5.585209131240844727e-01,-5.741428136825561523e-01,-1.517106592655181885e-01,1.126962155103683472e-01,-1.002781748771667480e+00,7.001611590385437012e-01,-1.123870015144348145e+00,-2.254204601049423218e-01,-9.340491294860839844e-01,-4.900186061859130859e-01,-4.674785137176513672e-01,-1.062826156616210938e+00,-2.701896615326404572e-02,-4.804963767528533936e-01,-5.597579106688499451e-02,-8.374063968658447266e-01,2.299446985125541687e-02,5.186931490898132324e-01,1.958266973495483398e+00,5.907042622566223145e-01,5.337104201316833496e-01,-1.442471385002136230e+00,-4.115133285522460938e-01,-4.010469317436218262e-01,6.167434900999069214e-02
8.175607323646545410e-01,-7.141976952552795410e-01,-5.269235968589782715e-01,7.137240171432495117e-01,-2.129680156707763672e+00,-2.663763761520385742e-01,9.667112827301025391e-01,6.591877937316894531e-01,-4.393956363201141357e-01,-2.892076671123504639e-01,-1.450627684593200684e+00,-4.444675743579864502e-01,9.037306308746337891e-01,-2.263335287570953369e-01,-6.605889201164245605e-01,-6.671506762504577637e-01,-7.459551095962524414e-01,-1.995378583669662476e-01,-7.499396204948425293e-01,3.059081435203552246e-01,-7.040143758058547974e-02,-1.433964729309082031e+00,-5.151410102844238281e-01,4.001067280769348145e-01,5.149178504943847656e-01,1.299990892410278320e+00,2.969719283282756805e-02,4.584997594356536865e-01,-1.248457789421081543e+00,-1.636194288730621338e-01,-4.157896935939788818e-01,8.619847297668457031e-01
