1.298368096351623535e+00,4.147993773221969604e-02,1.132323145866394043e-01,-3.816914558410644531e-01,1.675939559936523438e-01,-1.085644483566284180e+00,-2.061475366353988647e-01,3.604462146759033203e-01,-2.651954293251037598e-01,-1.916080355644226074e+00,8.037792444229125977e-01,9.236522316932678223e-01,-1.025045394897460938e+00,-7.021358013153076172e-01,-6.348774433135986328e-01,3.430857881903648376e-02,1.979338288307189941e+00,4.154192507266998291e-01,1.638606786727905273e+00,-6.333147883415222168e-01,2.526021480560302734e+00,1.123830914497375488e+00,2.712930440902709961e+00,7.644625306129455566e-01,7.528955340385437012e-01,6.000522524118423462e-02,2.803280591964721680e+00,-1.890719413757324219e+00,6.979621648788452148e-01,-3.150084316730499268e-01,-9.760052561759948730e-01,5.096531510353088379e-01
-3.786269128322601318e-01,1.565255820751190186e-01,6.231959462165832520e-01,4.769865572452545166e-01,-1.224523901939392090e+00,-5.549387335777282715e-01,-1.596353054046630859e-01,-2.824406921863555908e-01,-2.884298563003540039e-01,-5.295220017433166504e-01,1.264880038797855377e-02,1.457142472267150879e+00,-9.732865691184997559e-01,-1.261071324348449707e+00,-1.357573509216308594e+00,-5.623516440391540527e-01,1.015060186386108398e+00,4.076745212078094482e-01,9.521476179361343384e-02,-5.978702902793884277e-01,1.744250416755676270e+00,4.766442179679870605e-01,2.464483499526977539e+00,1.259442329406738281e+00,1.477603793144226074e+00,-8.795538544654846191e-02,2.637557268142700195e+00,-3.979146480560302734e-01,5.550694465637207031e-01,-4.869722127914428711e-01,-1.165613293647766113e+00,-5.042040944099426270e-01
-7.095311284065246582e-01,1.079806208610534668e+00,1.562336087226867676e+00,2.207618206739425659e-01,-1.134795069694519043e+00,7.786668539047241211e-01,-9.266349077224731445e-01,-2.984358668327331543e-01,-1.147352717816829681e-02,-5.407610535621643066e-02,1.310400962829589844e+00,8.093537688255310059e-01,-2.108710765838623047e+00,-1.158930897712707520e+00,-1.679087042808532715e+00,-7.628543376922607422e-01,5.062289908528327942e-02,-7.153302431106567383e-01,-1.152878046035766602e+00,-1.005591988563537598e+00,4.340343922376632690e-02,3.771931231021881104e-01,1.885630249977111816e+00,-7.127488031983375549e-03,9.852596521377563477e-01,1.138897776603698730e+00,2.634485483169555664e+00,6.183812618255615234e-01,8.946530818939208984e-01,-6.868638992309570312e-01,-1.103201508522033691e-01,4.069356620311737061e-01
7.659471631050109863e-01,8.323241472244262695e-01,9.504510760307312012e-01,1.781914234161376953e-01,-8.178117871284484863e-01,-3.771616220474243164e-01,-1.901530385017395020e+00,-1.379277110099792480e-01,7.308694720268249512e-02,-6.010689586400985718e-02,1.572620034217834473e+00,1.371458530426025391e+00,-1.478738427162170410e+00,-2.153025150299072266e+00,-2.252946138381958008e+00,-8.042691946029663086e-01,5.243386626243591309e-01,-9.923020601272583008e-01,-9.132221937179565430e-01,-1.738773465156555176e+00,-2.830416262149810791e-01,8.014512062072753906e-01,9.082971215248107910e-01,6.263628602027893066e-01,3.337527513504028320e-01,2.226984739303588867e+00,1.396461844444274902e+00,4.966239929199218750e-01,2.135257244110107422e+00,3.944236338138580322e-01,-2.555510997772216797e-01,1.885513901710510254e+00
3.834533989429473877e-01,6.429146528244018555e-01,2.232856601476669312e-01,1.022483706474304199e+00,-1.034603714942932129e+00,-1.993038296699523926e+00,-1.307439446449279785e+00,4.766238629817962646e-01,-9.189264774322509766e-01,-3.882034868001937866e-02,5.102027654647827148e-01,1.441969037055969238e+00,-9.334415197372436523e-01,-1.649237751960754395e+00,-1.544851183891296387e+00,-8.735104799270629883e-01,6.611993163824081421e-02,-8.274382948875427246e-01,3.471844792366027832e-01,3.907876908779144287e-01,-8.017909526824951172e-01,1.130565404891967773e-01,7.175701260566711426e-01,1.290828466415405273e+00,9.615293741226196289e-01,8.051816821098327637e-01,7.077178359031677246e-01,-4.105214476585388184e-01,7.325612902641296387e-01,-4.209556877613067627e-01,-1.494047522544860840e+00,2.328673839569091797e+00
1.614521861076354980e+00,3.674733936786651611e-01,1.051201701164245605e+00,4.281937703490257263e-02,8.397920131683349609e-01,8.898493647575378418e-01,5.209566354751586914e-01,1.653680950403213501e-01,2.890299074351787567e-02,-2.172495365142822266e+00,4.875252842903137207e-01,-3.962116837501525879e-01,-3.232104778289794922e-01,8.611316680908203125e-01,-6.036154627799987793e-01,3.054623603820800781e-01,6.280616521835327148e-01,9.213048219680786133e-01,-4.951350986957550049e-01,-4.559046328067779541e-01,3.358264446258544922e+00,1.307389736175537109e+00,1.758973240852355957e+00,2.404465675354003906e-01,6.921866536140441895e-01,1.079038023948669434e+00,1.839424967765808105e+00,-2.193387895822525024e-01,8.531302809715270996e-01,-6.341910362243652344e-01,-1.801269292831420898e+00,1.819134876132011414e-02
-1.271257996559143066e+00,-7.305604219436645508e-02,1.632279753684997559e+00,4.455918371677398682e-01,5.059424638748168945e-01,1.294488310813903809e+00,3.984457254409790039e-01,6.652361154556274414e-02,7.480031847953796387e-01,-1.244763016700744629e+00,-8.302564024925231934e-01,4.368068277835845947e-01,-8.567037582397460938e-01,-2.693212032318115234e-01,-2.517926692962646484e-01,-5.658557415008544922e-01,2.005861699581146240e-01,1.690271019935607910e+00,-1.429318666458129883e+00,1.453624486923217773e+00,2.508743762969970703e+00,5.908827185630798340e-01,1.835077643394470215e+00,1.066228389739990234e+00,1.279594182968139648e+00,8.105619549751281738e-01,1.335052132606506348e+00,7.229452729225158691e-01,7.838442921638488770e-01,-6.620564460754394531e-01,-1.325284361839294434e+00,-1.193192720413208008e+00
-2.000647306442260742e+00,-4.162836819887161255e-02,1.705873131752014160e+00,8.684334158897399902e-01,8.216271400451660156e-01,1.619876980781555176e+00,-3.624685704708099365e-01,9.372059106826782227e-01,9.078478813171386719e-01,-1.066308747977018356e-02,1.160721063613891602e+00,1.121218919754028320e+00,-1.316792130470275879e+00,-2.104976475238800049e-01,1.323143392801284790e-01,-1.745919704437255859e+00,-1.246033787727355957e+00,1.607623815536499023e+00,-2.193170785903930664e+00,1.237228274345397949e+00,9.583029747009277344e-01,7.111958265304565430e-01,1.409063696861267090e+00,-8.724222183227539062e-01,-3.185941278934478760e-01,1.980062842369079590e+00,6.509035229682922363e-01,2.149594545364379883e+00,1.970239758491516113e+00,-1.358961701393127441e+00,-6.494176387786865234e-01,4.628828465938568115e-01
8.650406599044799805e-01,6.698822379112243652e-01,1.039104342460632324e+00,6.048207283020019531e-01,9.048298001289367676e-01,6.524590849876403809e-01,-2.436782360076904297e+00,2.423954725265502930e+00,1.700004637241363525e-01,2.525086998939514160e-01,1.649610519409179688e+00,1.628511190414428711e+00,-1.317192912101745605e+00,-4.882000982761383057e-01,-5.050527453422546387e-01,-2.496794700622558594e+00,-9.872027635574340820e-01,3.525545299053192139e-01,-3.127640008926391602e+00,-1.406883239746093750e+00,1.238232925534248352e-01,7.313257455825805664e-01,5.990802645683288574e-01,8.029003143310546875e-01,-1.198817610740661621e+00,2.446845054626464844e+00,6.148566007614135742e-01,1.730877995491027832e+00,2.616241455078125000e+00,5.743530988693237305e-01,-4.983600378036499023e-01,1.856142401695251465e+00
7.703412771224975586e-01,2.553533017635345459e-01,9.503016471862792969e-01,2.783010900020599365e-01,1.567591875791549683e-01,-2.795004546642303467e-01,-2.005454301834106445e+00,1.119812011718750000e+00,-9.859798550605773926e-01,-3.493531048297882080e-01,4.551235735416412354e-01,7.195748090744018555e-01,-1.002762079238891602e+00,8.171230554580688477e-01,-1.314222812652587891e+00,-2.334701061248779297e+00,-3.195933997631072998e-01,5.327405929565429688e-01,-1.715042114257812500e+00,-1.461451649665832520e+00,-3.297860622406005859e-01,9.234293699264526367e-01,-4.105461537837982178e-01,2.556703567504882812e+00,-1.476687490940093994e-01,1.323364973068237305e+00,-5.989949405193328857e-02,1.568365454673767090e+00,1.587251424789428711e+00,1.078146219253540039e+00,-1.427741646766662598e+00,2.022062778472900391e+00
2.496389389038085938e+00,5.230869054794311523e-01,1.703378558158874512e+00,9.083926081657409668e-01,8.986710906028747559e-01,1.727679848670959473e+00,6.777717471122741699e-01,-2.225935906171798706e-01,-3.088062405586242676e-01,-1.233802676200866699e+00,8.040324449539184570e-01,1.474796295166015625e+00,1.190129756927490234e+00,2.239312648773193359e+00,5.124369859695434570e-01,1.260237216949462891e+00,1.398873090744018555e+00,-2.511226832866668701e-01,-1.721394777297973633e+00,-1.329044461250305176e+00,3.252629041671752930e+00,1.183886766433715820e+00,1.586246848106384277e+00,1.350382119417190552e-01,1.732646584510803223e+00,-6.994290351867675781e-01,5.710679292678833008e-01,7.019315958023071289e-01,8.482604473829269409e-02,-3.495832085609436035e-01,-1.056629657745361328e+00,-1.016250967979431152e+00
-2.120494365692138672e+00,1.881490088999271393e-02,1.326755166053771973e+00,1.279280662536621094e+00,1.692191958427429199e+00,2.416543006896972656e+00,1.339330673217773438e+00,1.622635722160339355e+00,2.675908207893371582e-01,-7.536222934722900391e-01,-8.948429822921752930e-01,1.211624145507812500e+00,3.493095934391021729e-01,8.062758445739746094e-01,-2.273623496294021606e-01,7.191640734672546387e-01,7.391690015792846680e-01,1.463992834091186523e+00,-2.201401948928833008e+00,1.780326485633850098e+00,2.228924751281738281e+00,3.379697799682617188e-01,1.193616390228271484e+00,7.752100229263305664e-01,6.814660429954528809e-01,-2.416422843933105469e+00,1.340509772300720215e+00,1.165310621261596680e+00,1.658097147941589355e+00,-1.271859407424926758e+00,-2.730868756771087646e-01,-6.986494660377502441e-01
-3.341401576995849609e+00,-5.779260993003845215e-01,1.311365008354187012e+00,1.471207976341247559e+00,1.757803678512573242e+00,2.687966346740722656e+00,3.753454089164733887e-01,2.944268226623535156e+00,1.467883825302124023e+00,4.534906148910522461e-01,1.441096901893615723e+00,1.099567770957946777e+00,-1.891841143369674683e-01,3.949344754219055176e-01,4.367723762989044189e-01,-7.152278721332550049e-02,-1.486559271812438965e+00,2.602096557617187500e+00,-1.526530981063842773e+00,1.690508484840393066e+00,5.957434177398681641e-01,6.292402744293212891e-01,6.006202697753906250e-01,-1.928473353385925293e+00,-1.483188390731811523e+00,-3.490531682968139648e+00,1.088040709495544434e+00,2.132988452911376953e+00,3.065177440643310547e+00,-2.540652990341186523e+00,5.855357050895690918e-01,1.033505320549011230e+00
2.130841732025146484e+00,1.488152742385864258e-01,3.804052174091339111e-01,1.480381608009338379e+00,1.523041129112243652e+00,2.223952054977416992e+00,-1.427446007728576660e+00,3.685434103012084961e+00,5.706732869148254395e-01,7.817064523696899414e-01,1.675597310066223145e+00,1.520123720169067383e+00,7.751838117837905884e-02,6.083430647850036621e-01,1.990802526473999023e+00,-7.193403244018554688e-01,-1.737029552459716797e+00,1.105645775794982910e+00,-2.441250324249267578e+00,-1.287289977073669434e+00,-1.284024566411972046e-01,1.220005393028259277e+00,8.009954094886779785e-01,4.411145448684692383e-01,-1.171313166618347168e+00,-3.176644802093505859e+00,4.120751619338989258e-01,2.054426431655883789e+00,2.095715522766113281e+00,-3.809522390365600586e-01,6.375072002410888672e-01,1.378452539443969727e+00
6.199859380722045898e-01,-5.009511113166809082e-01,6.915011256933212280e-02,1.170174360275268555e+00,8.116842508316040039e-01,1.328549265861511230e+00,-1.613698482513427734e+00,2.112505674362182617e+00,-7.380789518356323242e-01,5.553773045539855957e-01,7.088841199874877930e-01,1.195191740989685059e+00,4.494885504245758057e-01,9.045717120170593262e-01,-9.230204671621322632e-02,-2.111509323120117188e+00,-2.688312530517578125e-01,1.137714982032775879e+00,-1.923366546630859375e+00,-1.190056324005126953e+00,1.074621602892875671e-01,1.046785593032836914e+00,6.732760667800903320e-01,2.419985771179199219e+00,3.378412425518035889e-01,-1.906151294708251953e+00,-8.533417582511901855e-01,1.930867552757263184e+00,8.413743376731872559e-01,2.131400585174560547e+00,1.907865703105926514e-01,1.065653204917907715e+00
3.087223052978515625e+00,6.379272937774658203e-01,5.046426057815551758e-01,9.080304503440856934e-01,-2.986306250095367432e-01,1.153856277465820312e+00,1.234443560242652893e-01,-1.545700669288635254e+00,-6.704926490783691406e-01,3.861761689186096191e-01,1.126831650733947754e+00,7.848802208900451660e-01,8.426539897918701172e-01,-2.204613536596298218e-01,1.595142006874084473e+00,1.747668504714965820e+00,9.401621818542480469e-01,-1.050278663635253906e+00,-1.706803202629089355e+00,-9.546481966972351074e-01,2.456825494766235352e+00,1.562924236059188843e-01,1.100382566452026367e+00,6.808726191520690918e-01,1.357803344726562500e+00,-9.878185987472534180e-01,-7.094931602478027344e-01,9.504377245903015137e-01,3.175730109214782715e-01,4.123291373252868652e-01,-8.558167815208435059e-01,-9.010711312294006348e-01
-8.353832364082336426e-01,1.705829948186874390e-01,-5.976979732513427734e-01,2.533229112625122070e+00,2.245811522006988525e-01,2.640661954879760742e+00,1.732879519462585449e+00,-1.260838389396667480e+00,-1.675939932465553284e-02,2.006163820624351501e-02,-1.299541950225830078e+00,-6.593041121959686279e-02,-1.500702947378158569e-01,8.329404890537261963e-02,9.476356506347656250e-01,2.030767679214477539e+00,7.312898635864257812e-01,-7.372286915779113770e-01,-2.003394842147827148e+00,1.699498653411865234e+00,1.459771394729614258e+00,-2.710573971271514893e-01,1.852125972509384155e-01,4.366948604583740234e-01,-2.385048717260360718e-01,-1.257514357566833496e+00,-4.849015921354293823e-02,1.158464670181274414e+00,2.388504266738891602e+00,-3.781440556049346924e-01,-7.815690338611602783e-02,3.660283386707305908e-01
-3.448835372924804688e+00,-2.434582859277725220e-01,-1.063904166221618652e+00,2.507319450378417969e+00,8.429395556449890137e-01,2.351072549819946289e+00,5.921058058738708496e-01,-2.176529884338378906e+00,7.553548812866210938e-01,9.872927069664001465e-01,1.744083285331726074e+00,-1.267442822456359863e+00,-3.088204860687255859e-01,-5.115970969200134277e-01,1.017996907234191895e+00,2.369673967361450195e+00,-1.152999281883239746e+00,8.478618413209915161e-02,-8.867588639259338379e-01,2.064831495285034180e+00,-5.294586345553398132e-02,9.182661771774291992e-01,-8.434452861547470093e-02,-1.625975370407104492e+00,-1.585912585258483887e+00,-1.587790489196777344e+00,-9.495534300804138184e-01,1.645600795745849609e+00,3.269749164581298828e+00,-2.407901763916015625e+00,8.456764817237854004e-01,1.105764985084533691e+00
1.895352244377136230e+00,3.271585106849670410e-01,-1.136846423149108887e+00,2.209815502166748047e+00,7.997648119926452637e-01,2.248564004898071289e+00,-1.095837593078613281e+00,-3.225668907165527344e+00,6.235162615776062012e-01,1.160221576690673828e+00,2.277425527572631836e+00,-1.440665602684020996e+00,-9.014321118593215942e-02,-6.488708853721618652e-01,2.173824548721313477e+00,1.094063997268676758e+00,-1.553275108337402344e+00,-5.300754308700561523e-01,-1.313977360725402832e+00,-6.087098121643066406e-01,-1.692648082971572876e-01,1.291135072708129883e+00,-8.968725800514221191e-03,4.939730465412139893e-01,-1.009402275085449219e+00,-1.578092217445373535e+00,-1.404987573623657227e+00,2.600045919418334961e+00,4.205809235572814941e-01,-1.128651976585388184e+00,1.378793120384216309e-01,-5.809797346591949463e-02
7.965295314788818359e-01,2.303687930107116699e-01,-1.124336719512939453e+00,2.145504236221313477e+00,7.732878327369689941e-01,1.024609208106994629e+00,-1.204042792320251465e+00,-3.012621879577636719e+00,-1.006464436650276184e-01,1.167091369628906250e+00,9.546197056770324707e-01,-1.047840714454650879e+00,5.647062659263610840e-01,-5.247637033462524414e-01,8.666028380393981934e-01,-9.635155797004699707e-01,-1.434526443481445312e+00,-4.405968785285949707e-01,-1.714398622512817383e+00,-1.192476391792297363e+00,5.362570881843566895e-01,9.792767167091369629e-01,4.227776452898979187e-02,2.171420335769653320e+00,4.223333597183227539e-01,-1.201628565788269043e+00,-1.752670764923095703e+00,2.117591619491577148e+00,6.563934683799743652e-01,2.526185035705566406e+00,-7.877778410911560059e-01,-9.594181925058364868e-02
2.438135862350463867e+00,1.704063296318054199e+00,-1.184754490852355957e+00,-1.071928665041923523e-01,1.325593709945678711e+00,-8.079054951667785645e-01,1.438730597496032715e+00,3.211294114589691162e-01,-1.846485614776611328e+00,1.093666672706604004e+00,6.710760593414306641e-01,-7.249427437782287598e-01,1.387876510620117188e+00,-1.408954381942749023e+00,4.820186614990234375e+00,1.185747608542442322e-02,6.219113469123840332e-01,3.983615934848785400e-01,-7.140335440635681152e-01,-5.695351958274841309e-01,1.616316080093383789e+00,5.262924432754516602e-01,7.892720699310302734e-01,-2.334356158971786499e-01,7.154411077499389648e-01,-9.819247126579284668e-01,-1.426778197288513184e+00,5.078542232513427734e-01,-7.704640179872512817e-02,3.187538683414459229e-01,-1.469311833381652832e+00,-2.240159362554550171e-01
-6.520797014236450195e-01,5.554301142692565918e-01,-1.161179184913635254e+00,1.314334988594055176e+00,1.587243080139160156e+00,1.342372059822082520e+00,2.178693771362304688e+00,-4.027079418301582336e-02,-2.906204164028167725e-01,6.440833210945129395e-01,-1.526722311973571777e+00,-6.077713966369628906e-01,2.126382589340209961e+00,3.364690840244293213e-01,4.004724025726318359e+00,9.013537764549255371e-01,1.093271374702453613e+00,-1.695859670639038086e+00,-4.350696504116058350e-02,1.011233091354370117e+00,3.783013522624969482e-01,-3.183214962482452393e-01,4.806115850806236267e-02,-6.969159245491027832e-01,-8.319630026817321777e-01,9.618777632713317871e-01,-1.767251253128051758e+00,6.017171740531921387e-01,4.345152676105499268e-01,6.141426563262939453e-01,-1.648853302001953125e+00,1.144383430480957031e+00
-2.684829473495483398e+00,5.213093757629394531e-01,-1.909478068351745605e+00,1.871519088745117188e+00,2.093341588973999023e+00,1.898532986640930176e+00,9.235128760337829590e-01,-1.688722968101501465e+00,-4.945528805255889893e-01,1.746970891952514648e+00,5.393703579902648926e-01,-1.523908615112304688e+00,1.178316116333007812e+00,7.378668189048767090e-01,1.693696022033691406e+00,1.256633877754211426e+00,-1.224152967333793640e-01,-1.402096033096313477e+00,5.279335975646972656e-01,2.409285306930541992e+00,-7.352364659309387207e-01,9.873712807893753052e-02,-3.478567600250244141e-01,-1.332854866981506348e+00,-1.694824218750000000e+00,2.609843730926513672e+00,-1.572652935981750488e+00,-3.377631604671478271e-01,3.321442008018493652e-01,-1.090353965759277344e+00,-5.153772234916687012e-01,1.533371806144714355e+00
1.416935801506042480e+00,7.620982527732849121e-01,-1.508025527000427246e+00,1.711959481239318848e+00,1.820494771003723145e+00,6.794995665550231934e-01,-5.026322603225708008e-01,-3.133077383041381836e+00,-2.718875706195831299e-01,1.110670447349548340e+00,1.153024911880493164e+00,-2.043146610260009766e+00,1.435160756111145020e+00,-2.332571148872375488e-01,-1.330842077732086182e-01,1.457595825195312500e+00,-7.199388146400451660e-01,-1.411372303962707520e+00,5.349612832069396973e-01,1.059728980064392090e+00,-5.988137722015380859e-01,7.782579660415649414e-01,-8.270890116691589355e-01,-6.126077100634574890e-02,-9.614287614822387695e-01,2.964354276657104492e+00,-1.673265814781188965e+00,1.110555887222290039e+00,-1.036377787590026855e+00,-6.593712419271469116e-02,-3.216565847396850586e-01,-1.178208971396088600e-03
1.789264082908630371e+00,4.635784924030303955e-01,-3.875241577625274658e-01,8.923038244247436523e-01,2.014427423477172852e+00,-8.119293451309204102e-01,-6.424466371536254883e-01,-2.161465167999267578e+00,-8.802963495254516602e-01,8.695493936538696289e-01,3.961465060710906982e-01,-1.236767172813415527e+00,1.393228292465209961e+00,-8.919814825057983398e-01,1.330335140228271484e-01,1.001083254814147949e+00,-1.144527673721313477e+00,-1.145368337631225586e+00,1.588561087846755981e-01,-1.865233331918716431e-01,-9.447636008262634277e-01,4.942603707313537598e-01,-1.211909532546997070e+00,1.200321674346923828e+00,3.175011277198791504e-01,8.559821844100952148e-01,-1.946672677993774414e+00,2.621793031692504883e+00,9.299661517143249512e-01,3.828316926956176758e+00,-1.326370596885681152e+00,-1.049849152565002441e+00
6.363727152347564697e-02,-9.166693687438964844e-01,-5.459111928939819336e-01,-1.305254697799682617e+00,-4.977608621120452881e-01,1.655319184064865112e-01,6.542868018150329590e-01,8.331291675567626953e-01,1.227746978402137756e-01,-1.369900822639465332e+00,-1.264199495315551758e+00,-8.227285742759704590e-01,-4.737333655357360840e-01,-1.195866942405700684e+00,9.378726482391357422e-01,3.221586644649505615e-01,1.970531344413757324e+00,3.164074420928955078e-01,7.203758358955383301e-01,1.231852293014526367e+00,1.752091884613037109e+00,1.094877719879150391e+00,1.375056624412536621e+00,1.082477807998657227e+00,1.692403554916381836e+00,1.447433710098266602e+00,-2.551544666290283203e+00,-1.357210397720336914e+00,-1.033272296190261841e-01,-2.931950427591800690e-02,1.467216253280639648e+00,-9.520136117935180664e-01
-1.040340900421142578e+00,-8.362479209899902344e-01,1.921633481979370117e-01,-8.522188663482666016e-01,-1.662792325019836426e+00,-2.739911377429962158e-01,8.012081980705261230e-01,-6.199665069580078125e-01,-2.257836908102035522e-01,6.267151832580566406e-01,-1.684842944145202637e+00,-1.828033626079559326e-01,-6.890823841094970703e-01,-1.313204050064086914e+00,1.113363355398178101e-01,-3.102125823497772217e-01,1.079061985015869141e+00,2.606378793716430664e-01,-1.948560625314712524e-01,4.871527850627899170e-01,8.064634203910827637e-01,5.430644750595092773e-01,1.411713361740112305e+00,5.939689874649047852e-01,1.479558229446411133e+00,4.755225479602813721e-01,-2.590232133865356445e+00,-7.909486889839172363e-01,-1.276765227317810059e+00,3.478602766990661621e-01,5.825923681259155273e-01,-2.216118812561035156e+00
-1.631862878799438477e+00,9.005265682935714722e-02,1.201029181480407715e+00,-1.385400891304016113e+00,-1.456962108612060547e+00,7.160300016403198242e-01,3.328594565391540527e-02,-7.915154099464416504e-01,4.172722399234771729e-01,1.397129774093627930e+00,1.489879041910171509e-01,-5.734401941299438477e-01,-1.917017459869384766e+00,-1.122589707374572754e+00,-7.239196300506591797e-01,-4.444282054901123047e-01,4.193911328911781311e-02,-9.888187050819396973e-02,-1.251002669334411621e+00,-5.203912854194641113e-01,-7.293789386749267578e-01,4.687288403511047363e-01,1.170194625854492188e+00,-1.733720064163208008e+00,3.746539056301116943e-01,1.173168063163757324e+00,-1.479474544525146484e+00,-4.235165417194366455e-01,-1.225164055824279785e+00,7.106632590293884277e-01,1.308794617652893066e+00,-1.309469699859619141e+00
-5.246921777725219727e-01,2.798495814204216003e-02,1.084200665354728699e-01,-1.298827528953552246e+00,-1.513145327568054199e+00,-1.211058124899864197e-01,-9.626262187957763672e-01,-1.294374585151672363e+00,5.859735012054443359e-01,8.810220360755920410e-01,9.974998235702514648e-01,6.685755215585231781e-03,-1.535867094993591309e+00,-1.759297013282775879e+00,-1.493779897689819336e+00,-1.178792119026184082e-01,-3.379034399986267090e-01,7.536940276622772217e-02,-9.557014703750610352e-01,-2.244112253189086914e+00,-1.094552874565124512e+00,4.047546684741973877e-01,9.461652636528015137e-01,-7.136651277542114258e-01,-4.109110534191131592e-01,1.767579078674316406e+00,-1.045442342758178711e+00,-8.855240345001220703e-01,9.395407512784004211e-03,1.642651796340942383e+00,1.230945587158203125e+00,5.660947412252426147e-02
-3.804320693016052246e-01,7.576699256896972656e-01,-8.380534648895263672e-01,6.663537770509719849e-02,-1.793954491615295410e+00,-1.933136880397796631e-01,-1.039857149124145508e+00,-9.445259571075439453e-01,-4.460623264312744141e-01,1.355781316757202148e+00,4.540646076202392578e-01,3.644247651100158691e-01,-1.126543402671813965e+00,-6.066799163818359375e-01,-1.110332369804382324e+00,2.654373645782470703e-02,-1.447940468788146973e+00,3.695337176322937012e-01,5.145932361483573914e-02,-7.735848426818847656e-01,-1.816551685333251953e+00,-3.363355398178100586e-01,5.757318139076232910e-01,7.924157381057739258e-01,2.261526286602020264e-01,1.602770984172821045e-01,-1.470689326524734497e-01,-1.395978212356567383e+00,-1.300220251083374023e+00,4.753564596176147461e-01,-2.032067328691482544e-01,9.246302247047424316e-01
1.783397197723388672e+00,4.600729420781135559e-02,8.236358761787414551e-01,-8.766911029815673828e-01,-1.426440030336380005e-01,1.068591419607400894e-02,9.068359136581420898e-01,9.574152827262878418e-01,8.972553014755249023e-01,-1.308229207992553711e+00,-1.505135178565979004e+00,-1.880932807922363281e+00,-5.119360685348510742e-01,1.239494204521179199e+00,-3.726031780242919922e-01,6.547313928604125977e-01,1.789057135581970215e+00,8.175165057182312012e-01,5.207132697105407715e-01,1.042008876800537109e+00,1.475766777992248535e+00,-1.594580337405204773e-02,3.253903687000274658e-01,9.381186962127685547e-01,2.043388366699218750e+00,1.540214419364929199e+00,-2.769562959671020508e+00,-1.667180538177490234e+00,-8.710293173789978027e-01,-7.809604406356811523e-01,6.398196518421173096e-02,-1.097286343574523926e+00
-8.179467320442199707e-01,-5.413467288017272949e-01,1.328500628471374512e+00,-1.109097599983215332e+00,-5.642832517623901367e-01,-1.358110666275024414e+00,1.014981269836425781e+00,-2.922600880265235901e-02,1.650314092636108398e+00,3.931659832596778870e-02,-2.689369440078735352e+00,-1.070111036300659180e+00,-9.989363551139831543e-01,1.564162969589233398e-02,8.201067894697189331e-02,-1.647529453039169312e-01,1.580992698669433594e+00,1.309000253677368164e+00,8.068835735321044922e-01,2.172801971435546875e+00,4.078325927257537842e-01,-2.736785113811492920e-01,8.266914486885070801e-01,8.057533502578735352e-01,1.713904500007629395e+00,5.342207551002502441e-01,-2.775427579879760742e+00,-1.947263002395629883e+00,-2.230414390563964844e+00,-3.454142212867736816e-01,1.151970252394676208e-01,-2.717902660369873047e+00
-1.872370839118957520e+00,-6.816523671150207520e-01,1.324977874755859375e+00,-1.227074623107910156e+00,-2.276628315448760986e-01,-1.736920475959777832e+00,4.320077896118164062e-01,5.465252399444580078e-01,2.221462249755859375e+00,1.328251481056213379e+00,-3.179133832454681396e-01,-1.188676282763481140e-01,-1.115714788436889648e+00,2.077560871839523315e-01,3.720130324363708496e-01,-1.536657094955444336e+00,9.707395732402801514e-02,2.062381505966186523e+00,1.238485425710678101e-01,1.534749746322631836e+00,-8.112283349037170410e-01,-1.172374114394187927e-01,6.081997156143188477e-01,-2.459012985229492188e+00,-5.884210467338562012e-01,1.327511191368103027e+00,-2.640290021896362305e+00,-1.144735336303710938e+00,-1.565271973609924316e+00,-4.499593973159790039e-01,3.274413645267486572e-01,-1.640782117843627930e+00
8.135087490081787109e-01,2.473895698785781860e-01,4.804400503635406494e-01,-1.321240305900573730e+00,-4.616884887218475342e-01,-1.870243906974792480e+00,-1.576365709304809570e+00,1.216683745384216309e+00,1.682136654853820801e+00,1.129051327705383301e+00,6.640766859054565430e-01,3.815499842166900635e-01,-1.263035297393798828e+00,3.870079517364501953e-01,-4.139341115951538086e-01,-2.156680107116699219e+00,-3.799797296524047852e-01,1.434672236442565918e+00,-1.096053242683410645e+00,-1.833296537399291992e+00,-1.426547884941101074e+00,-7.303300499916076660e-01,4.706572890281677246e-01,-5.971689224243164062e-01,-1.652394294738769531e+00,1.655986309051513672e+00,-1.144627928733825684e+00,-1.648260354995727539e+00,-1.207944512367248535e+00,1.294389963150024414e+00,2.858340144157409668e-01,-3.565581440925598145e-01
1.011916637420654297e+00,6.773021817207336426e-01,2.364659160375595093e-01,-1.200132489204406738e+00,-7.886445522308349609e-01,-2.189131230115890503e-01,-1.978767156600952148e+00,-2.046191692352294922e-01,6.653329133987426758e-01,9.359325766563415527e-01,-2.664676401764154434e-03,-4.350979924201965332e-01,-1.063635349273681641e+00,1.734356284141540527e+00,-1.502459645271301270e+00,-1.820570468902587891e+00,-7.054750323295593262e-01,1.931123018264770508e+00,-6.260255575180053711e-01,-2.532874107360839844e+00,-1.720489144325256348e+00,-7.859651446342468262e-01,-7.909622192382812500e-01,1.909502148628234863e+00,-3.665384948253631592e-01,4.967190027236938477e-01,1.349459737539291382e-01,-1.155713677406311035e+00,-1.789801120758056641e+00,1.263656497001647949e+00,-6.087231636047363281e-01,3.521668314933776855e-01
2.750007629394531250e+00,7.619537413120269775e-02,1.754978537559509277e+00,-6.554868221282958984e-01,-1.583617180585861206e-01,-9.816184639930725098e-01,8.498516082763671875e-01,1.266952753067016602e+00,1.094609975814819336e+00,-2.156556397676467896e-01,-1.014070153236389160e+00,2.466593403369188309e-03,2.027485072612762451e-01,2.808899879455566406e+00,-6.028412580490112305e-01,1.296005606651306152e+00,2.515572786331176758e+00,-8.173111677169799805e-01,5.223975777626037598e-01,-2.674891948699951172e-01,1.375428676605224609e+00,-2.847442328929901123e-01,3.531800508499145508e-01,1.382245063781738281e+00,3.019879102706909180e+00,-4.231978058815002441e-01,-1.484809398651123047e+00,-1.771537661552429199e+00,-1.994803667068481445e+00,-2.406804412603378296e-01,2.871037423610687256e-01,-2.322175979614257812e+00
-1.958136439323425293e+00,-1.335178166627883911e-01,8.423251509666442871e-01,-7.323179244995117188e-01,4.717798531055450439e-01,-3.168643951416015625e+00,1.704849004745483398e+00,1.883109807968139648e+00,2.025433301925659180e+00,6.151584386825561523e-01,-2.731076002120971680e+00,-2.477356493473052979e-01,-6.162697672843933105e-01,1.271559715270996094e+00,-1.116400837898254395e+00,9.165433049201965332e-01,2.208972215652465820e+00,4.741757214069366455e-01,1.345108985900878906e+00,1.857226490974426270e+00,1.716226935386657715e-01,-7.894183397293090820e-01,3.624990284442901611e-01,1.039891481399536133e+00,1.123121380805969238e+00,-2.600300788879394531e+00,1.996097899973392487e-02,-2.761307716369628906e+00,-1.933710813522338867e+00,-2.192001193761825562e-01,5.283107161521911621e-01,-2.103402137756347656e+00
-3.398567199707031250e+00,-7.661157250404357910e-01,6.574777364730834961e-01,-1.083899259567260742e+00,3.239561319351196289e-01,-3.973317146301269531e+00,9.279975295066833496e-01,3.118353843688964844e+00,3.305494546890258789e+00,1.999800324440002441e+00,-3.540447354316711426e-01,-1.559959650039672852e-01,-6.959663629531860352e-01,1.052003860473632812e+00,-4.612468779087066650e-01,-1.047794148325920105e-01,-1.951104253530502319e-01,2.438062667846679688e+00,1.848527908325195312e+00,1.548073410987854004e+00,-1.235608458518981934e+00,-6.356852650642395020e-01,2.234156988561153412e-02,-3.286504745483398438e+00,-1.973822116851806641e+00,-3.728053092956542969e+00,2.657277695834636688e-02,-2.553771495819091797e+00,-1.123651385307312012e+00,-9.953148365020751953e-01,1.266072988510131836e+00,-8.894715309143066406e-01
2.200403451919555664e+00,9.371570497751235962e-02,-3.609326481819152832e-01,-1.341693401336669922e+00,1.583311408758163452e-01,-2.936112642288208008e+00,-9.792061448097229004e-01,3.252291917800903320e+00,2.685528755187988281e+00,1.991929292678833008e+00,4.061259925365447998e-01,3.293138444423675537e-01,-2.909730672836303711e-01,1.543564200401306152e+00,1.113845944404602051e+00,-7.029141783714294434e-01,-8.143640160560607910e-01,1.648152709007263184e+00,1.348256617784500122e-01,-1.903332829475402832e+00,-1.672832965850830078e+00,-2.475341260433197021e-01,6.464592218399047852e-01,-1.227563977241516113e+00,-1.955647468566894531e+00,-3.839990854263305664e+00,2.083090543746948242e-01,-2.680219411849975586e+00,-2.364254713058471680e+00,1.079912662506103516e+00,1.284479975700378418e+00,-5.629330277442932129e-01
9.246430993080139160e-01,-5.451489239931106567e-02,-5.519396662712097168e-01,-1.235087394714355469e+00,9.711607545614242554e-02,-4.674602150917053223e-01,-1.814872264862060547e+00,1.383798360824584961e+00,1.739853143692016602e+00,1.745138883590698242e+00,-7.320863008499145508e-02,1.024346873164176941e-01,-1.494722515344619751e-01,1.582920789718627930e+00,-1.104058265686035156e+00,-1.854371547698974609e+00,-9.329350292682647705e-02,2.268727064132690430e+00,-5.733263492584228516e-01,-2.163826942443847656e+00,-1.210346460342407227e+00,-7.336821556091308594e-01,7.107676565647125244e-02,1.321891188621520996e+00,-2.258089929819107056e-02,-2.910175323486328125e+00,3.740065395832061768e-01,-1.972744107246398926e+00,-3.128551959991455078e+00,3.299487590789794922e+00,9.654684066772460938e-01,-3.610668480396270752e-01
2.761324167251586914e+00,-2.516585886478424072e-01,8.333827257156372070e-01,-1.016950011253356934e+00,-1.174771189689636230e+00,-8.694618940353393555e-01,1.267351657152175903e-01,2.421521246433258057e-01,1.321425080299377441e+00,7.303455471992492676e-01,-4.170307517051696777e-01,-8.866974115371704102e-01,-5.435442328453063965e-01,5.714445114135742188e-01,-7.317557334899902344e-01,1.502572178840637207e+00,1.723615050315856934e+00,-2.441126823425292969e+00,3.062868714332580566e-01,-4.063387811183929443e-01,1.120356321334838867e+00,-6.779764294624328613e-01,1.741800904273986816e-01,2.164848089218139648e+00,2.316480636596679688e+00,4.335217475891113281e-01,-2.360852360725402832e-01,-1.739603519439697266e+00,-1.233908653259277344e+00,7.476366758346557617e-01,-9.562067985534667969e-01,-2.426955461502075195e+00
-1.082561492919921875e+00,-2.332177758216857910e-02,-1.102528929710388184e+00,-7.729448378086090088e-02,-7.720149755477905273e-01,-2.520118236541748047e+00,1.731608152389526367e+00,-6.588151454925537109e-01,2.062817811965942383e+00,8.384679555892944336e-01,-2.964482069015502930e+00,-1.442133426666259766e+00,-1.320461750030517578e+00,1.207587003707885742e+00,-9.239708781242370605e-01,2.209620714187622070e+00,2.116826772689819336e+00,-2.388382196426391602e+00,9.780925512313842773e-01,1.406713843345642090e+00,-1.023265346884727478e-01,-1.097312808036804199e+00,-4.112830758094787598e-01,9.225355386734008789e-01,2.000086009502410889e-01,1.151561886072158813e-01,1.115455985069274902e+00,-3.142516136169433594e+00,-3.801283240318298340e-01,6.436701416969299316e-01,-2.828800678253173828e-01,-1.092155456542968750e+00
-3.807320356369018555e+00,-2.656194865703582764e-01,-1.778854608535766602e+00,-5.636195540428161621e-01,-4.931432604789733887e-01,-4.087687015533447266e+00,2.779133617877960205e-01,-1.238164067268371582e+00,2.649183034896850586e+00,2.095463991165161133e+00,7.351773232221603394e-02,-2.306085824966430664e+00,-1.339680552482604980e+00,3.906356096267700195e-01,-6.174027323722839355e-01,2.290232658386230469e+00,2.867961227893829346e-01,-7.744885683059692383e-01,1.587782979011535645e+00,1.482568740844726562e+00,-1.322134137153625488e+00,-5.544596910476684570e-01,-3.715223073959350586e-01,-2.533677816390991211e+00,-2.104808330535888672e+00,-3.864768743515014648e-01,1.469962447881698608e-01,-3.391748905181884766e+00,-2.406226396560668945e-01,-9.699969887733459473e-01,9.450147747993469238e-01,-1.558338254690170288e-01
1.757590889930725098e+00,3.106028735637664795e-01,-1.771885156631469727e+00,-9.510244727134704590e-01,-4.961176216602325439e-01,-2.740586996078491211e+00,-1.255689740180969238e+00,-2.294629096984863281e+00,2.513555765151977539e+00,2.215486526489257812e+00,1.026231288909912109e+00,-2.351748943328857422e+00,-9.337043762207031250e-01,3.044040501117706299e-01,2.942749261856079102e-01,1.214705944061279297e+00,-1.720928996801376343e-01,-6.631618142127990723e-01,3.098490834236145020e-01,-1.544920921325683594e+00,-1.139407753944396973e+00,-5.995266437530517578e-01,2.112559378147125244e-01,-6.120085716247558594e-01,-1.702499985694885254e+00,-1.174798250198364258e+00,1.166103929281234741e-01,-2.126245021820068359e+00,-3.522127866744995117e+00,2.860919535160064697e-01,5.793918371200561523e-01,-9.225240349769592285e-01
4.917438030242919922e-01,5.661054253578186035e-01,-1.857369780540466309e+00,-6.578486561775207520e-01,2.292837500572204590e-01,-5.360792875289916992e-01,-1.262858629226684570e+00,-2.464070081710815430e+00,2.205938577651977539e+00,2.166103839874267578e+00,2.052834182977676392e-01,-1.903258204460144043e+00,-3.458493649959564209e-01,3.024088144302368164e-01,-9.438354372978210449e-01,-7.693425416946411133e-01,-4.434183537960052490e-01,-1.025750488042831421e-01,-9.381463527679443359e-01,-1.991216778755187988e+00,-3.326452374458312988e-01,-1.132200598716735840e+00,-4.452347755432128906e-01,1.411595582962036133e+00,1.636557877063751221e-01,-1.755499839782714844e+00,6.199688315391540527e-01,-1.654268860816955566e+00,-2.898199319839477539e+00,3.471356391906738281e+00,-1.541175842285156250e-01,-5.511271953582763672e-01
2.048498392105102539e+00,4.300538301467895508e-01,-4.674678146839141846e-01,-1.336146354675292969e+00,5.808764100074768066e-01,-3.197960555553436279e-01,1.039604544639587402e+00,1.685471534729003906e+00,1.265426874160766602e-01,7.011643052101135254e-01,-4.849514961242675781e-01,-2.167959213256835938e+00,-4.560943245887756348e-01,-5.721948146820068359e-01,1.692962169647216797e+00,-2.718497514724731445e-01,1.449852466583251953e+00,-1.536146998405456543e+00,-1.343431621789932251e-01,-2.081300765275955200e-01,5.746734738349914551e-01,-8.557786792516708374e-02,5.891249179840087891e-01,1.484149813652038574e+00,1.666464090347290039e+00,1.075608730316162109e+00,4.831946641206741333e-02,-1.176216959953308105e+00,-8.862405419349670410e-01,2.731179296970367432e-01,-2.325644969940185547e+00,-1.143079638481140137e+00
-6.285453438758850098e-01,6.124069914221763611e-02,-1.317354440689086914e+00,-5.863891243934631348e-01,7.380387783050537109e-01,-1.818274706602096558e-01,1.925939083099365234e+00,6.445586085319519043e-01,1.597043395042419434e+00,2.368632107973098755e-01,-2.905935525894165039e+00,-1.496034026145935059e+00,5.841250419616699219e-01,1.602061152458190918e+00,1.400606513023376465e+00,1.129346728324890137e+00,2.626648664474487305e+00,-3.974747419357299805e+00,9.036689996719360352e-01,6.300560235977172852e-01,-7.419949769973754883e-01,-1.100523591041564941e+00,-2.153374254703521729e-02,-1.839930377900600433e-02,-5.619568824768066406e-01,3.095738172531127930e+00,6.303777694702148438e-01,-2.388153553009033203e+00,-1.203635454177856445e+00,5.325580239295959473e-01,-2.578548908233642578e+00,3.642367422580718994e-01
-2.905851602554321289e+00,3.229522109031677246e-01,-2.234347581863403320e+00,-4.476239383220672607e-01,9.939919710159301758e-01,-6.742925047874450684e-01,4.205316305160522461e-01,-4.244016408920288086e-01,1.294167399406433105e+00,1.661438941955566406e+00,-7.551110982894897461e-01,-2.163039684295654297e+00,-2.066664099693298340e-01,1.826068043708801270e+00,-9.031638503074645996e-01,1.282521605491638184e+00,1.708504319190979004e+00,-3.077798843383789062e+00,1.329968214035034180e+00,1.544101715087890625e+00,-1.358311533927917480e+00,-1.214711785316467285e+00,-4.994320869445800781e-02,-1.430333137512207031e+00,-2.302153110504150391e+00,4.408979892730712891e+00,8.160769343376159668e-01,-3.571001529693603516e+00,-1.974757909774780273e+00,-9.782959222793579102e-01,-1.050093650817871094e+00,1.111117005348205566e+00
9.476886987686157227e-01,2.795796096324920654e-01,-1.856270313262939453e+00,-6.421284079551696777e-01,7.529617547988891602e-01,-1.098501563072204590e+00,-1.032944202423095703e+00,-1.692660808563232422e+00,1.270510435104370117e+00,1.376429438591003418e+00,2.924307882785797119e-01,-2.557887792587280273e+00,3.962391614913940430e-02,6.025325059890747070e-01,-2.890971183776855469e+00,1.281653285026550293e+00,9.231083989143371582e-01,-2.103497266769409180e+00,9.752964973449707031e-01,-2.259090542793273926e-01,-7.386414408683776855e-01,-1.109172582626342773e+00,-1.655157804489135742e-01,-2.118953466415405273e-01,-1.818872451782226562e+00,4.090676307678222656e+00,8.579654097557067871e-01,-1.532054066658020020e+00,-3.722811460494995117e+00,1.709269918501377106e-02,-5.589645504951477051e-01,1.404560506343841553e-01
1.046998620033264160e+00,9.335192292928695679e-02,-9.420013427734375000e-01,-9.791671633720397949e-01,1.364312171936035156e+00,-3.716939315199851990e-02,-9.407730102539062500e-01,-1.346409678459167480e+00,9.626812338829040527e-01,1.410034060478210449e+00,1.171460002660751343e-01,-1.679130196571350098e+00,1.499473601579666138e-01,-2.182068526744842529e-01,-2.271843671798706055e+00,8.357679843902587891e-01,9.012131392955780029e-02,-1.204544782638549805e+00,-7.404754310846328735e-02,-9.582876563072204590e-01,-1.072558879852294922e+00,-1.788204312324523926e+00,-1.292029738426208496e+00,1.235783934593200684e+00,4.637877270579338074e-02,7.300814390182495117e-01,1.249718427658081055e+00,6.541376709938049316e-01,-1.456436514854431152e+00,3.435093164443969727e+00,-1.595128774642944336e+00,-3.293268978595733643e-01
-1.244082450866699219e+00,-8.839520812034606934e-01,4.074783325195312500e-01,-2.188226878643035889e-01,-1.879920721054077148e+00,-1.789628505706787109e+00,6.005258560180664062e-01,1.046061992645263672e+00,1.069097399711608887e+00,-1.605263233184814453e+00,-8.471132516860961914e-01,-2.018532603979110718e-01,4.959504902362823486e-01,-1.079812049865722656e+00,1.566361546516418457e+00,-9.433259963989257812e-01,-8.540281653404235840e-01,1.041934490203857422e+00,4.868683516979217529e-01,9.643676877021789551e-01,8.658195734024047852e-01,2.019319534301757812e+00,7.293981313705444336e-02,1.489575266838073730e+00,1.274721741676330566e+00,-1.356782674789428711e+00,-2.619067192077636719e+00,-3.988819196820259094e-02,1.015181422233581543e+00,-8.461204767227172852e-01,2.772042989730834961e+00,-5.195436477661132812e-01
-9.173865914344787598e-01,-6.252629756927490234e-01,1.924902081489562988e+00,7.128698825836181641e-01,-2.607826948165893555e+00,-4.868022799491882324e-01,9.601199030876159668e-01,-1.935390830039978027e-01,-4.163721203804016113e-01,2.887005209922790527e-01,-9.778840541839599609e-01,5.750211477279663086e-01,9.778193235397338867e-01,-8.511462211608886719e-01,4.853667914867401123e-01,-1.663399457931518555e+00,-8.011293411254882812e-01,8.974533081054687500e-01,3.574385046958923340e-01,3.439910709857940674e-01,2.447802573442459106e-01,2.118678331375122070e+00,3.707412779331207275e-01,1.285889465361833572e-02,8.715254068374633789e-01,-1.921318054199218750e+00,-2.157825708389282227e+00,8.855597376823425293e-01,3.220768868923187256e-01,-4.792951643466949463e-01,1.524464845657348633e+00,-1.262959361076354980e+00
-1.162492752075195312e+00,1.735042035579681396e-01,2.767115831375122070e+00,2.613269984722137451e-01,-1.553315281867980957e+00,1.304100155830383301e+00,4.416820704936981201e-01,-4.412638843059539795e-01,-6.229329705238342285e-01,8.664301037788391113e-01,7.342031598091125488e-01,1.601893305778503418e-01,6.463266611099243164e-01,-6.099629998207092285e-01,1.729624569416046143e-01,-1.453714847564697266e+00,-1.389200448989868164e+00,4.483895897865295410e-01,2.563486397266387939e-01,-7.635752558708190918e-01,-5.363475680351257324e-01,2.929079532623291016e+00,1.687242388725280762e-01,-2.481805324554443359e+00,-4.882720112800598145e-01,-1.465346813201904297e+00,-1.041606545448303223e+00,1.384050607681274414e+00,3.635016679763793945e-01,2.699429988861083984e-01,1.600110411643981934e+00,-4.516531825065612793e-01
-4.538227245211601257e-02,2.123402506113052368e-01,1.291460871696472168e+00,4.081610441207885742e-01,-2.124376296997070312e+00,1.269011795520782471e-01,-2.290086895227432251e-01,-1.214790582656860352e+00,-2.989608049392700195e-01,1.402045786380767822e-01,1.480933189392089844e+00,4.025401175022125244e-01,1.231741786003112793e+00,-1.221070766448974609e+00,4.057666361331939697e-01,-8.361433744430541992e-01,-1.681242704391479492e+00,9.034965038299560547e-01,2.352936267852783203e-01,-2.593470335006713867e+00,-3.113389909267425537e-01,2.982511520385742188e+00,-1.333987712860107422e-01,-2.083216905593872070e+00,-1.632236242294311523e+00,-9.636608958244323730e-01,-7.826399207115173340e-01,-8.423939347267150879e-02,7.434750199317932129e-01,1.673919916152954102e+00,1.828436493873596191e+00,3.813904523849487305e-01
1.725184172391891479e-01,5.470238924026489258e-01,1.780274324119091034e-02,1.605772495269775391e+00,-3.085264921188354492e+00,-1.340024769306182861e-01,-1.020375251770019531e+00,-8.911356329917907715e-01,5.316860973834991455e-02,5.028563737869262695e-01,7.059788107872009277e-01,2.718659341335296631e-01,1.079933404922485352e+00,6.020520254969596863e-02,1.640133500099182129e+00,-5.050757527351379395e-01,-2.684687852859497070e+00,1.140916347503662109e+00,7.329723238945007324e-01,-1.303782701492309570e+00,-9.531218409538269043e-01,2.178954839706420898e+00,-1.911928206682205200e-01,-1.327822327613830566e+00,-6.386091113090515137e-01,-2.777907848358154297e+00,-2.831359207630157471e-01,-1.637677907943725586e+00,-8.311349749565124512e-01,6.753452420234680176e-01,1.081820845603942871e+00,9.139520525932312012e-01
-4.387067258358001709e-01,9.892535805702209473e-01,1.286326527595520020e+00,2.826000750064849854e-01,-7.075787782669067383e-01,2.401222586631774902e-01,1.282588720321655273e+00,1.086878925561904907e-01,6.928090751171112061e-02,-1.718238353729248047e+00,-1.174671411514282227e+00,-7.436524033546447754e-01,1.587596833705902100e-01,5.579467415809631348e-01,-1.289051175117492676e-01,-1.701855659484863281e-01,-5.368342995643615723e-01,9.671890735626220703e-01,1.080523848533630371e+00,1.105885505676269531e+00,6.705335378646850586e-01,6.031850576400756836e-01,-7.560203671455383301e-01,1.844085812568664551e+00,2.214539766311645508e+00,2.650350332260131836e-01,-2.414301872253417969e+00,7.172970771789550781e-01,4.244852364063262939e-01,-1.228368163108825684e+00,1.372250080108642578e+00,4.326389133930206299e-01
-1.519513845443725586e+00,7.710124254226684570e-01,2.226871967315673828e+00,1.771397739648818970e-01,-1.118044853210449219e+00,5.224320292472839355e-01,1.600716352462768555e+00,-7.091256976127624512e-01,-1.457080602645874023e+00,-9.089578986167907715e-01,-2.124193191528320312e+00,8.935424685478210449e-02,7.295477390289306641e-01,2.738654315471649170e-01,2.776795029640197754e-01,-1.011025071144104004e+00,-2.524300217628479004e-01,1.199596881866455078e+00,1.978069901466369629e+00,2.461337566375732422e+00,7.626116275787353516e-02,8.011085391044616699e-01,-1.492620538920164108e-02,9.400951862335205078e-01,1.155695319175720215e+00,-1.057889387011528015e-01,-1.798129796981811523e+00,1.178492903709411621e+00,-8.065534383058547974e-02,-7.639124393463134766e-01,7.428900003433227539e-01,-7.782462835311889648e-01
-2.167016983032226562e+00,4.751563966274261475e-01,2.131661176681518555e+00,9.685923904180526733e-02,-3.710751831531524658e-01,1.047828912734985352e+00,1.050812482833862305e+00,-2.355103194713592529e-01,-2.392916679382324219e+00,-1.070256754755973816e-01,3.807455003261566162e-01,1.108054876327514648e+00,1.639235019683837891e+00,9.064522981643676758e-01,7.585527896881103516e-01,-1.836333751678466797e+00,-1.442620396614074707e+00,1.736197710037231445e+00,1.976059556007385254e+00,1.725457549095153809e+00,-7.429561018943786621e-01,1.387579083442687988e+00,-2.971014380455017090e-01,-3.207778930664062500e+00,-1.497966647148132324e+00,6.145842075347900391e-01,-1.713269114494323730e+00,2.071684122085571289e+00,7.139695882797241211e-01,-8.881679773330688477e-01,3.533947765827178955e-01,6.930713355541229248e-02
3.077424168586730957e-01,1.257127046585083008e+00,1.134849667549133301e+00,2.696351110935211182e-01,-8.997491598129272461e-01,2.316452115774154663e-01,-3.990033864974975586e-01,4.234551191329956055e-01,-2.152567625045776367e+00,-7.414888143539428711e-01,1.617971301078796387e+00,1.464072346687316895e+00,1.531799077987670898e+00,9.054314494132995605e-01,4.473224878311157227e-01,-2.168772935867309570e+00,-1.836049079895019531e+00,1.392483115196228027e+00,6.733426451683044434e-01,-1.489622950553894043e+00,-8.049083948135375977e-01,1.220461845397949219e+00,-4.986255764961242676e-01,-2.237752914428710938e+00,-2.799993515014648438e+00,9.572635293006896973e-01,-2.664254009723663330e-01,7.568360567092895508e-01,5.104292631149291992e-01,1.181923031806945801e+00,6.173748970031738281e-01,8.287334442138671875e-01
9.140402078628540039e-01,1.403828144073486328e+00,6.227179765701293945e-01,4.494576156139373779e-01,-1.625753283500671387e+00,1.409038901329040527e+00,-1.199957251548767090e+00,-4.629271924495697021e-01,-7.482467889785766602e-01,-9.373651742935180664e-01,6.423227787017822266e-01,2.740786075592041016e-01,8.872030973434448242e-01,2.497997760772705078e+00,5.261865854263305664e-01,-2.247071504592895508e+00,-2.079522371292114258e+00,2.155414819717407227e+00,6.435829401016235352e-01,-2.491599321365356445e+00,-9.329974055290222168e-01,6.696588397026062012e-01,-1.527565717697143555e+00,-4.639056622982025146e-01,-7.534831166267395020e-01,-5.410046577453613281e-01,1.830200701951980591e-01,1.370444595813751221e-01,-4.387046992778778076e-01,1.605526804924011230e+00,3.072566986083984375e-01,9.120940566062927246e-01
5.316295623779296875e-01,1.311750531196594238e+00,2.004719734191894531e+00,3.321206569671630859e-01,5.430637672543525696e-02,7.973675131797790527e-01,1.199884057044982910e+00,-3.839240372180938721e-01,-1.048365712165832520e+00,-1.441645622253417969e+00,-7.216560244560241699e-01,1.224948644638061523e+00,7.117037773132324219e-01,7.919399142265319824e-01,-5.964674949645996094e-01,3.800765275955200195e-01,6.308131814002990723e-01,-7.278360724449157715e-01,1.035580873489379883e+00,2.643481492996215820e-01,3.481327593326568604e-01,2.108227834105491638e-02,-7.650942206382751465e-01,2.370490074157714844e+00,3.565312147140502930e+00,1.970850676298141479e-02,-1.028022289276123047e+00,1.712782382965087891e+00,-2.612929642200469971e-01,-9.536193609237670898e-01,1.260923624038696289e+00,-6.002464294433593750e-01
-2.511151313781738281e+00,1.418504476547241211e+00,1.297674536705017090e+00,3.288668394088745117e-02,3.983894884586334229e-01,-1.518368721008300781e-01,2.180258989334106445e+00,7.244818806648254395e-01,-3.145141124725341797e+00,-1.152735471725463867e+00,-2.208461284637451172e+00,1.409898400306701660e+00,7.330760955810546875e-01,3.993741869926452637e-01,-8.013060688972473145e-01,1.020028963685035706e-01,6.599372029304504395e-01,5.618136525154113770e-01,2.443774700164794922e+00,2.413284540176391602e+00,-3.942174911499023438e-01,-3.975352346897125244e-01,-6.683928966522216797e-01,1.415856122970581055e+00,8.990655541419982910e-01,-1.711171269416809082e+00,1.118454813957214355e+00,1.158242106437683105e+00,8.662412166595458984e-01,-8.270032405853271484e-01,9.854055643081665039e-01,1.341846436262130737e-01
-3.282751798629760742e+00,6.006633043289184570e-01,8.883607983589172363e-01,-3.970288336277008057e-01,-6.605352461338043213e-02,-1.470275074243545532e-01,1.441735506057739258e+00,2.013882160186767578e+00,-3.619649648666381836e+00,-3.672621548175811768e-01,4.122813642024993896e-01,1.841645956039428711e+00,1.305230021476745605e+00,9.910166263580322266e-01,2.118815928697586060e-01,-2.507495284080505371e-01,-1.529626727104187012e+00,1.814161658287048340e+00,3.157073974609375000e+00,2.000933885574340820e+00,-1.456251859664916992e+00,-4.926635697484016418e-02,-1.013882517814636230e+00,-3.872061014175415039e+00,-2.672106027603149414e+00,-3.080461740493774414e+00,1.156312227249145508e+00,1.442740917205810547e+00,2.108154773712158203e+00,-1.709244132041931152e+00,1.264233708381652832e+00,1.596536993980407715e+00
1.705684065818786621e+00,1.486999392509460449e+00,-1.246790438890457153e-01,-9.137036651372909546e-02,-3.834672868251800537e-01,1.298733800649642944e-01,-7.316678762435913086e-02,2.420386791229248047e+00,-3.305885553359985352e+00,-8.002550005912780762e-01,1.241753578186035156e+00,2.481499671936035156e+00,1.576463699340820312e+00,1.449012160301208496e+00,1.791674256324768066e+00,-5.642298460006713867e-01,-2.183339357376098633e+00,9.807604551315307617e-01,1.346570134162902832e+00,-1.237619280815124512e+00,-1.624142885208129883e+00,7.895728349685668945e-01,-4.880652427673339844e-01,-2.619298934936523438e+00,-3.252473831176757812e+00,-3.026458740234375000e+00,9.383006691932678223e-01,6.961103677749633789e-01,7.473222613334655762e-01,2.299389094114303589e-01,1.406647801399230957e+00,1.574067831039428711e+00
9.773268103599548340e-01,1.088781952857971191e+00,-3.046843707561492920e-01,2.478129267692565918e-01,-2.712106108665466309e-01,1.562909245491027832e+00,-1.024963736534118652e+00,1.308156371116638184e+00,-1.041062593460083008e+00,-1.054318785667419434e+00,3.638032376766204834e-01,1.839675784111022949e+00,9.063825607299804688e-01,1.676776409149169922e+00,3.245739340782165527e-01,-2.137370109558105469e+00,-1.333603262901306152e+00,2.474067687988281250e+00,2.552696764469146729e-01,-1.849068045616149902e+00,-8.811346292495727539e-01,-2.150638997554779053e-01,-1.062028288841247559e+00,-6.341705918312072754e-01,-7.976553440093994141e-01,-2.846422910690307617e+00,3.519673645496368408e-01,7.094555497169494629e-01,-4.310255348682403564e-01,2.647038221359252930e+00,1.619502067565917969e+00,7.678773403167724609e-01
8.936257958412170410e-01,-3.429432865232229233e-03,1.167076587677001953e+00,6.121581792831420898e-02,-8.617159724235534668e-01,4.592886269092559814e-01,2.277747839689254761e-01,-1.015546560287475586e+00,-2.431459128856658936e-01,-1.310554146766662598e+00,-2.434744238853454590e-01,1.180718898773193359e+00,-4.508082568645477295e-01,-1.442940354347229004e+00,-8.522237539291381836e-01,4.589050710201263428e-01,9.704027324914932251e-02,-2.186533927917480469e+00,3.869214951992034912e-01,3.407278358936309814e-01,8.049682974815368652e-01,-1.246966838836669922e+00,-1.267530918121337891e+00,2.689211606979370117e+00,3.515314579010009766e+00,1.465411543846130371e+00,8.090675473213195801e-01,1.565870761871337891e+00,6.896565109491348267e-02,-3.374638855457305908e-01,-5.891419649124145508e-01,-1.244735598564147949e+00
-1.428719758987426758e+00,4.803055524826049805e-01,-7.709900736808776855e-01,6.786710619926452637e-01,-6.722576022148132324e-01,-5.595731139183044434e-01,1.987639069557189941e+00,-1.308170676231384277e+00,-2.616061210632324219e+00,-1.764322876930236816e+00,-2.507808923721313477e+00,1.386135935783386230e+00,-7.385870814323425293e-01,-3.569672405719757080e-01,-8.827408552169799805e-01,1.515869498252868652e+00,5.595089793205261230e-01,-1.946685075759887695e+00,1.605573177337646484e+00,2.204031705856323242e+00,-1.836496889591217041e-01,-1.657418370246887207e+00,-1.869714617729187012e+00,7.910915017127990723e-01,7.897446155548095703e-01,8.969739079475402832e-01,2.875993013381958008e+00,5.951816439628601074e-01,2.175772666931152344e+00,-5.423055291175842285e-01,-1.265097409486770630e-01,9.378098845481872559e-01
-3.093013763427734375e+00,3.302108049392700195e-01,-1.585901379585266113e+00,-1.562692075967788696e-01,-4.216049611568450928e-01,-1.519950628280639648e+00,7.138425707817077637e-01,-1.334514975547790527e+00,-3.613479137420654297e+00,-1.076485514640808105e+00,6.644232869148254395e-01,8.947337269783020020e-01,-3.617804348468780518e-01,-5.808405876159667969e-01,3.064582645893096924e-01,2.231835603713989258e+00,-1.135625720024108887e+00,-1.113631129264831543e+00,1.862527489662170410e+00,1.912875413894653320e+00,-1.272217869758605957e+00,-1.002152442932128906e+00,-1.717153072357177734e+00,-3.195971012115478516e+00,-2.327934026718139648e+00,-2.414891719818115234e-01,1.789875984191894531e+00,3.501099944114685059e-01,3.234465599060058594e+00,-2.367111206054687500e+00,8.868992328643798828e-01,2.263411283493041992e+00
1.738905072212219238e+00,1.314432740211486816e+00,-1.844984889030456543e+00,-1.856025308370590210e-01,-7.207304239273071289e-01,-6.395794153213500977e-01,-7.361992597579956055e-01,-1.835309505462646484e+00,-3.002195119857788086e+00,-1.298555612564086914e+00,1.524213075637817383e+00,9.667419791221618652e-01,1.983162946999073029e-02,-3.298275172710418701e-01,1.365376710891723633e+00,1.292795062065124512e+00,-1.074741363525390625e+00,-1.339513421058654785e+00,5.934697985649108887e-01,-7.538972496986389160e-01,-1.113195538520812988e+00,-7.247568368911743164e-01,-1.215784668922424316e+00,-1.704648494720458984e+00,-2.765449523925781250e+00,-9.850233197212219238e-01,8.371096849441528320e-01,9.607879519462585449e-01,1.104252561926841736e-01,-1.552490949630737305e+00,6.817620992660522461e-01,1.342948198318481445e+00
5.795791149139404297e-01,1.295020699501037598e+00,-1.828036665916442871e+00,4.842500388622283936e-01,-3.240146040916442871e-01,2.185003310441970825e-01,-9.930791258811950684e-01,-1.538588166236877441e+00,-6.125079393386840820e-01,-1.170997262001037598e+00,-1.808164641261100769e-02,8.532904386520385742e-01,-2.576310038566589355e-01,2.687635645270347595e-02,5.624116659164428711e-01,-7.376458644866943359e-01,-1.271096229553222656e+00,3.194753527641296387e-01,-7.937595844268798828e-01,-1.168831110000610352e+00,1.138982456177473068e-02,-1.728001236915588379e+00,-1.887191891670227051e+00,-2.655579447746276855e-01,-5.643018484115600586e-01,-1.622002601623535156e+00,8.701268434524536133e-01,8.188931941986083984e-01,1.066270172595977783e-01,1.542011260986328125e+00,2.743319272994995117e-01,1.005318760871887207e+00
7.828298807144165039e-01,-8.856726288795471191e-01,-4.728112518787384033e-01,-5.258992910385131836e-01,2.054522037506103516e-01,-2.334722429513931274e-01,5.353366732597351074e-01,-1.403049193322658539e-02,5.623826980590820312e-01,-1.335857987403869629e+00,7.912417873740196228e-03,1.446260511875152588e-01,-1.121750354766845703e+00,-2.628485202789306641e+00,9.926205873489379883e-01,-1.109588980674743652e+00,-9.362283349037170410e-02,-1.378617525100708008e+00,-5.087485313415527344e-01,4.479439854621887207e-01,1.117165446281433105e+00,-1.406214714050292969e+00,-1.256521224975585938e+00,1.702216029167175293e+00,3.426175355911254883e+00,2.464263439178466797e+00,1.146284103393554688e+00,1.062354803085327148e+00,-4.195697009563446045e-01,-7.518451809883117676e-01,-2.345812559127807617e+00,-6.943569779396057129e-01
-1.003207445144653320e+00,-9.383998513221740723e-01,-1.125025033950805664e+00,5.348047241568565369e-02,3.609173595905303955e-01,2.589374780654907227e-01,1.526091456413269043e+00,-8.042494766414165497e-03,-1.755155473947525024e-01,-2.284763336181640625e+00,-2.554015874862670898e+00,1.259025335311889648e+00,2.711674273014068604e-01,-2.984282672405242920e-01,1.075987815856933594e+00,3.888050019741058350e-01,1.127469539642333984e+00,-3.500056743621826172e+00,5.914016962051391602e-01,1.197669386863708496e+00,8.554840087890625000e-02,-2.415161609649658203e+00,-1.818572640419006348e+00,-5.325192213058471680e-01,6.816179752349853516e-01,3.665080308914184570e+00,1.920907378196716309e+00,3.600772917270660400e-01,5.373874306678771973e-01,-1.027723789215087891e+00,-2.674636125564575195e+00,1.277392864227294922e+00
-1.988912105560302734e+00,-2.987553477287292480e-01,-1.962949991226196289e+00,-1.136205419898033142e-01,5.833116769790649414e-01,-1.283745765686035156e-01,-2.515589632093906403e-02,-8.314250409603118896e-02,-1.789440989494323730e+00,-1.364683151245117188e+00,-3.391442596912384033e-01,8.403997421264648438e-01,-6.038782000541687012e-01,1.034269258379936218e-01,6.681616604328155518e-02,1.199958801269531250e+00,3.895944356918334961e-01,-3.034425497055053711e+00,6.009419560432434082e-01,1.611613988876342773e+00,-5.742129087448120117e-01,-2.347570657730102539e+00,-1.715339779853820801e+00,-2.278283834457397461e+00,-1.915492177009582520e+00,3.872098207473754883e+00,1.732375979423522949e+00,-7.270231246948242188e-01,7.315241098403930664e-01,-2.824675559997558594e+00,-1.406466126441955566e+00,2.350014209747314453e+00
1.560166478157043457e+00,1.647133231163024902e-01,-1.895250916481018066e+00,8.969911932945251465e-02,-4.094877466559410095e-02,-7.544016242027282715e-01,-1.353692293167114258e+00,-1.058729410171508789e+00,-1.380069613456726074e+00,-1.860666513442993164e+00,7.142038941383361816e-01,6.253679394721984863e-01,-5.327267646789550781e-01,-7.054497003555297852e-01,-1.254400014877319336e+00,1.330221652984619141e+00,1.862187832593917847e-01,-2.305577993392944336e+00,1.300948113203048706e-01,3.405733108520507812e-01,-4.335122928023338318e-02,-1.956912755966186523e+00,-1.883383154869079590e+00,-1.462931632995605469e+00,-2.040151596069335938e+00,3.492934942245483398e+00,1.665310978889465332e+00,6.519839167594909668e-01,-9.454478025436401367e-01,-2.075545787811279297e+00,-7.340251803398132324e-01,1.640290021896362305e+00
1.117220759391784668e+00,1.903913468122482300e-01,-1.265180945396423340e+00,1.765575706958770752e-01,2.127844244241714478e-01,-5.175800323486328125e-01,-1.391612410545349121e+00,-5.761727690696716309e-01,2.017102986574172974e-01,-1.594563484191894531e+00,-1.728481054306030273e-01,5.092562437057495117e-01,-9.529833793640136719e-01,-1.103272795677185059e+00,2.469023317098617554e-01,8.101799488067626953e-01,-6.513667106628417969e-01,-6.472162604331970215e-01,-7.360513806343078613e-01,-4.274042844772338867e-01,-3.170985877513885498e-01,-2.901361942291259766e+00,-3.069092988967895508e+00,-6.317734122276306152e-01,-2.873376011848449707e-01,8.827742338180541992e-01,1.813128829002380371e+00,1.860342144966125488e+00,7.873969078063964844e-01,1.059170007705688477e+00,-1.520160555839538574e+00,1.142630934715270996e+00
