-6.435118317604064941e-01,1.306729912757873535e-01,-1.495391428470611572e-01,-1.084665432572364807e-01,-5.613777041435241699e-01,-2.449600845575332642e-01,1.189982146024703979e-01,5.559682846069335938e-01,3.527436554431915283e-01,-3.657198548316955566e-01,2.352062463760375977e-01,3.423147499561309814e-01,1.533683538436889648e-01,-1.026957258582115173e-01,1.713023930788040161e-01,-6.693095713853836060e-02,6.222495436668395996e-01,-1.642435789108276367e-01,-3.069424033164978027e-01,-1.417458951473236084e-01,9.117745212279260159e-04,6.795227527618408203e-01,1.606332808732986450e-01,2.592025101184844971e-01,-3.566063344478607178e-01,-2.546726763248443604e-01,4.956658482551574707e-01,-7.843177765607833862e-02,-1.879884302616119385e-01,-1.451015770435333252e-01,-6.831321120262145996e-01,-5.365475416183471680e-01
-6.801694631576538086e-01,4.991802573204040527e-02,2.714442647993564606e-02,-8.856584876775741577e-02,-6.573498249053955078e-01,-4.594187438488006592e-02,2.455110289156436920e-02,4.705251157283782959e-01,1.141124889254570007e-01,-4.591646790504455566e-01,9.066762775182723999e-02,1.515323668718338013e-01,3.198286294937133789e-01,2.301670983433723450e-02,2.200099974870681763e-01,-7.311962544918060303e-02,6.763045191764831543e-01,-1.761330664157867432e-01,-1.128492876887321472e-01,2.744651958346366882e-02,-1.498443782329559326e-01,3.411907553672790527e-01,-1.087029650807380676e-01,-5.139300134032964706e-03,-4.835230484604835510e-02,-3.037342727184295654e-01,3.555049300193786621e-01,-5.631792172789573669e-02,2.831278136000037193e-03,-1.829842031002044678e-01,-4.772256910800933838e-01,-3.261422812938690186e-01
-7.544721961021423340e-01,-1.345061603933572769e-02,1.359939873218536377e-01,-1.135512217879295349e-01,-8.238280415534973145e-01,2.058732360601425171e-01,1.750079542398452759e-01,3.533398211002349854e-01,8.196669071912765503e-02,-5.472421050071716309e-01,-3.649797290563583374e-02,1.642096638679504395e-01,3.891487121582031250e-01,9.212492406368255615e-02,3.008887767791748047e-01,-2.542503774166107178e-01,3.497762680053710938e-01,-1.543504148721694946e-01,-8.815655112266540527e-02,2.874550521373748779e-01,-1.172681525349617004e-02,3.296678140759468079e-02,-1.057136654853820801e-01,-8.324413746595382690e-02,-6.550819426774978638e-02,-3.757469058036804199e-01,3.908334374427795410e-01,-2.294508665800094604e-01,1.248920559883117676e-01,-2.647903263568878174e-01,-1.077026724815368652e-01,-8.148750662803649902e-02
-7.603362798690795898e-01,-9.656418114900588989e-02,6.712203472852706909e-02,-1.689284145832061768e-01,-7.083559632301330566e-01,1.977675706148147583e-01,2.402235716581344604e-01,3.254140019416809082e-01,3.114975392818450928e-01,-3.953007757663726807e-01,-3.434264287352561951e-02,4.218884706497192383e-01,3.657941818237304688e-01,1.233859509229660034e-01,3.197370171546936035e-01,-2.843075096607208252e-01,8.016967028379440308e-02,-8.058342337608337402e-02,-2.544446289539337158e-01,5.483164191246032715e-01,1.021718457341194153e-01,-1.177213713526725769e-01,-1.638077050447463989e-01,2.898449599742889404e-01,-3.268305063247680664e-01,-4.087713360786437988e-01,4.200488328933715820e-01,-2.879183292388916016e-01,-1.620265096426010132e-01,-1.957798451185226440e-01,1.295621693134307861e-01,-1.438131630420684814e-01
-7.642688155174255371e-01,-9.683419950306415558e-03,-1.616444587707519531e-01,-1.833517402410507202e-01,-5.085769295692443848e-01,-2.357176095247268677e-01,2.191810160875320435e-01,3.110976815223693848e-01,1.482478529214859009e-01,-4.180917739868164062e-01,-2.128115296363830566e-01,4.155343770980834961e-01,1.779652982950210571e-01,-4.594074189662933350e-01,1.396560817956924438e-01,9.029890596866607666e-02,2.470564693212509155e-01,-2.969400286674499512e-01,-1.752575486898422241e-01,4.089322388172149658e-01,2.738847434520721436e-01,-5.110442265868186951e-02,-2.902159094810485840e-01,3.834300041198730469e-01,-5.358611941337585449e-01,-5.334845185279846191e-01,3.945028781890869141e-01,-2.920620441436767578e-01,-2.960659265518188477e-01,-1.617717146873474121e-01,2.349758148193359375e-01,-3.090490698814392090e-01
-3.089871108531951904e-01,9.540590643882751465e-02,1.626551151275634766e-01,-1.801805794239044189e-01,-1.614339202642440796e-01,9.612515568733215332e-02,1.641357243061065674e-01,4.354148805141448975e-01,3.244435787200927734e-01,-1.511992365121841431e-01,2.635304033756256104e-01,5.619063973426818848e-01,4.902949035167694092e-01,4.106710255146026611e-01,6.232094168663024902e-01,8.029949851334095001e-03,7.100496292114257812e-01,1.345177590847015381e-01,-1.902143657207489014e-01,-1.041839867830276489e-01,-8.340191096067428589e-02,5.264681577682495117e-01,3.401068747043609619e-01,5.980003476142883301e-01,-1.678320318460464478e-01,2.764807045459747314e-01,5.413212180137634277e-01,-1.222684830427169800e-01,9.760881215333938599e-02,-1.317295711487531662e-02,-7.048504352569580078e-01,-4.478082358837127686e-01
-4.618960916996002197e-01,1.961563229560852051e-01,4.329653084278106689e-01,-7.189626246690750122e-02,-3.161687552928924561e-01,2.926448583602905273e-01,-3.752513229846954346e-02,3.592855930328369141e-01,-1.778708584606647491e-02,-7.568255066871643066e-02,1.237288266420364380e-01,2.407844513654708862e-01,5.780555009841918945e-01,5.287935733795166016e-01,3.798708617687225342e-01,-7.139469683170318604e-02,6.339321136474609375e-01,1.652096211910247803e-01,-1.498360186815261841e-02,-1.645581573247909546e-01,-1.678773462772369385e-01,2.352561056613922119e-01,-1.245816573500633240e-01,2.099685743451118469e-02,2.896025478839874268e-01,1.632332801818847656e-01,2.057932317256927490e-01,-1.208681091666221619e-01,2.545134723186492920e-01,6.651971489191055298e-02,-4.464426040649414062e-01,-2.598682641983032227e-01
-3.275226056575775146e-01,3.143778145313262939e-01,5.883618593215942383e-01,2.329488657414913177e-02,-5.292839407920837402e-01,3.710152208805084229e-01,2.777056582272052765e-02,1.361886262893676758e-01,-1.928262859582901001e-01,2.238911576569080353e-02,-4.426920786499977112e-02,1.579206138849258423e-01,6.273184418678283691e-01,7.543893456459045410e-01,4.096761941909790039e-01,-3.885992467403411865e-01,1.984111368656158447e-01,1.198593527078628540e-01,1.729432940483093262e-01,5.877487733960151672e-02,-1.091939136385917664e-01,-1.302723735570907593e-01,-3.114111721515655518e-01,-2.794088125228881836e-01,2.581374645233154297e-01,6.734536588191986084e-02,2.623271644115447998e-01,-2.517842352390289307e-01,1.895571202039718628e-01,-3.158007934689521790e-02,1.366286817938089371e-02,1.414365619421005249e-01
-2.324094921350479126e-01,2.653282284736633301e-01,5.110669732093811035e-01,-5.937350168824195862e-02,-4.750453531742095947e-01,3.780236244201660156e-01,2.259345054626464844e-01,1.349284797906875610e-01,7.309605181217193604e-02,9.303416311740875244e-02,1.065841875970363617e-02,5.512497425079345703e-01,8.124815821647644043e-01,7.207952737808227539e-01,5.387786626815795898e-01,-4.352138936519622803e-01,-3.007432818412780762e-02,8.690966665744781494e-02,5.677336454391479492e-02,5.573586821556091309e-01,1.217766106128692627e-01,-3.092556893825531006e-01,-2.962813377380371094e-01,2.958580255508422852e-01,-1.479760706424713135e-01,9.232166409492492676e-02,2.896339297294616699e-01,-1.341428011655807495e-01,-2.541064918041229248e-01,-3.925055265426635742e-02,4.055304527282714844e-01,5.961516499519348145e-02
-1.904658079147338867e-01,1.800911277532577515e-01,2.197055518627166748e-01,-1.907343715429306030e-01,-4.566262662410736084e-01,1.179649606347084045e-01,3.008402585983276367e-01,6.658105552196502686e-02,1.581070274114608765e-01,-5.862056836485862732e-02,3.486436605453491211e-02,6.794274449348449707e-01,6.430888175964355469e-01,1.117062419652938843e-01,3.625760078430175781e-01,1.091547012329101562e-01,2.477954775094985962e-01,-1.231933757662773132e-02,1.828057691454887390e-02,5.478070378303527832e-01,3.465815484523773193e-01,-1.599051207304000854e-01,-2.526430487632751465e-01,5.344659090042114258e-01,-4.309693574905395508e-01,-1.104931905865669250e-02,3.398846983909606934e-01,2.736381441354751587e-02,-4.351464211940765381e-01,-3.978223074227571487e-03,3.092079460620880127e-01,-2.835236489772796631e-01
1.844724118709564209e-01,1.971031278371810913e-01,3.661940097808837891e-01,-2.853232920169830322e-01,1.500929892063140869e-01,7.913716137409210205e-02,3.121791779994964600e-01,3.937352895736694336e-01,2.912613153457641602e-01,1.594459712505340576e-01,2.265046238899230957e-01,4.374557435512542725e-01,6.008235812187194824e-01,5.647854208946228027e-01,7.486314177513122559e-01,-2.072616666555404663e-01,7.459993958473205566e-01,1.960928887128829956e-01,-1.144597604870796204e-01,-2.558681070804595947e-01,-1.643498837947845459e-01,4.356300532817840576e-01,6.515982151031494141e-01,6.345195770263671875e-01,4.840601608157157898e-02,1.288867443799972534e-01,7.490206360816955566e-01,-3.960382044315338135e-01,3.589565455913543701e-01,3.040363453328609467e-02,-8.908138275146484375e-01,-4.030468165874481201e-01
3.494459986686706543e-01,3.974826037883758545e-01,6.259142160415649414e-01,-2.097796462476253510e-02,1.263103485107421875e-01,6.205143928527832031e-01,1.309740543365478516e-01,2.558238506317138672e-01,-9.884461760520935059e-02,3.281859755516052246e-01,9.967179596424102783e-02,1.168651804327964783e-01,7.018433213233947754e-01,5.277106761932373047e-01,2.482906430959701538e-01,-1.756431758403778076e-01,5.537376403808593750e-01,1.599677056074142456e-01,1.521030962467193604e-01,-3.521653413772583008e-01,-1.381125301122665405e-01,2.745224535465240479e-01,6.282384693622589111e-02,-5.828725174069404602e-02,3.889207541942596436e-01,3.949604183435440063e-02,3.085770010948181152e-01,-3.368290960788726807e-01,3.594218790531158447e-01,1.841014027595520020e-01,-4.870007634162902832e-01,-1.818426400423049927e-01
6.674805879592895508e-01,5.614853501319885254e-01,7.075251340866088867e-01,7.745963335037231445e-02,7.717405445873737335e-03,7.029795646667480469e-01,8.993556350469589233e-02,-7.686825841665267944e-02,-4.123941063880920410e-01,4.796508550643920898e-01,1.184210460633039474e-02,-1.259087491780519485e-02,6.167306900024414062e-01,7.862187623977661133e-01,2.503292262554168701e-01,-3.404942750930786133e-01,7.872106879949569702e-02,8.007531613111495972e-02,2.492456436157226562e-01,-4.888397827744483948e-02,1.211308967322111130e-02,-9.162080287933349609e-02,-3.124535083770751953e-01,-4.750058948993682861e-01,3.520985841751098633e-01,4.462625086307525635e-02,1.891470104455947876e-01,-2.151667773723602295e-01,7.577597349882125854e-02,4.000549390912055969e-02,2.735786885023117065e-02,3.427228629589080811e-01
7.830507159233093262e-01,4.958481192588806152e-01,6.692892313003540039e-01,4.971282184123992920e-02,4.316352307796478271e-02,5.972779393196105957e-01,3.251526355743408203e-01,-4.628566280007362366e-02,-2.237697690725326538e-01,4.333811402320861816e-01,-9.154330193996429443e-02,4.651317000389099121e-01,8.084871172904968262e-01,8.799272179603576660e-01,6.828640103340148926e-01,-2.459042966365814209e-01,-1.060201898217201233e-01,8.455405384302139282e-02,2.343545854091644287e-01,4.829267561435699463e-01,1.751974225044250488e-01,-4.906356334686279297e-01,-3.765916228294372559e-01,2.076097428798675537e-01,-1.391343176364898682e-01,2.103257179260253906e-01,1.584787517786026001e-01,9.614956378936767578e-02,-4.200282394886016846e-01,-8.148238062858581543e-02,4.915885627269744873e-01,2.193777412176132202e-01
5.446345210075378418e-01,5.952644944190979004e-01,4.057688117027282715e-01,-9.304304420948028564e-02,2.296356298029422760e-02,3.855051100254058838e-01,6.299030184745788574e-01,2.576932124793529510e-02,-1.270667910575866699e-01,2.601503431797027588e-01,-1.459500789642333984e-01,6.839451789855957031e-01,7.220256328582763672e-01,2.896056771278381348e-01,5.205364823341369629e-01,3.050413131713867188e-01,2.014822661876678467e-01,8.587281405925750732e-02,-1.627529039978981018e-02,4.637561440467834473e-01,3.983579277992248535e-01,-3.531561195850372314e-01,-3.011085689067840576e-01,5.210636854171752930e-01,-3.726389408111572266e-01,2.028951495885848999e-01,1.801243424415588379e-01,2.217817753553390503e-01,-6.108617782592773438e-01,9.254933148622512817e-02,3.979605436325073242e-01,-3.120610415935516357e-01
2.906698286533355713e-01,-2.032747864723205566e-01,4.113013744354248047e-01,-2.132308483123779297e-01,1.719595640897750854e-01,2.425311505794525146e-02,1.533067226409912109e-01,3.112830519676208496e-01,5.217010378837585449e-01,5.295508503913879395e-01,1.668516546487808228e-01,3.311739265918731689e-01,4.103799760341644287e-01,3.767011761665344238e-01,6.294984221458435059e-01,-4.775601327419281006e-01,7.309671640396118164e-01,2.237072773277759552e-02,-1.646018177270889282e-01,-2.959964573383331299e-01,-1.797574311494827271e-01,1.692623943090438843e-01,5.389065146446228027e-01,6.619155406951904297e-01,5.606798827648162842e-02,3.212782740592956543e-01,6.794511675834655762e-01,-4.938598871231079102e-01,2.881244421005249023e-01,-4.314299672842025757e-02,-6.717664599418640137e-01,-6.783041357994079590e-01
3.885049521923065186e-01,-7.893519103527069092e-02,6.930862069129943848e-01,-6.259496510028839111e-02,3.165805041790008545e-01,6.546831130981445312e-01,4.834210127592086792e-02,1.188781708478927612e-01,1.839777827262878418e-01,8.932765722274780273e-01,1.863083541393280029e-01,2.693795971572399139e-02,4.982098340988159180e-01,4.043621122837066650e-01,7.895527407526969910e-03,-3.544484674930572510e-01,5.993159413337707520e-01,6.962437182664871216e-02,1.622592955827713013e-01,-3.069278299808502197e-01,-5.053189024329185486e-02,3.064834773540496826e-01,1.729198545217514038e-01,2.356653101742267609e-02,2.851166725158691406e-01,1.104610785841941833e-01,1.549475789070129395e-01,-2.358388602733612061e-01,3.280571103096008301e-01,2.324086874723434448e-01,-5.235521793365478516e-01,-3.555178940296173096e-01
4.921050965785980225e-01,-1.492586452513933182e-02,7.001140117645263672e-01,7.615466415882110596e-02,3.964302837848663330e-01,8.294430971145629883e-01,-8.746367879211902618e-03,-2.086907476186752319e-01,-1.688616573810577393e-01,1.118243336677551270e+00,1.184093430638313293e-01,-5.886511877179145813e-03,3.559031784534454346e-01,7.418565750122070312e-01,1.757562719285488129e-02,-2.445507049560546875e-01,1.161699299700558186e-03,1.068687662482261658e-01,2.770373225212097168e-01,4.096231237053871155e-02,2.324504256248474121e-01,-1.708915084600448608e-02,-1.124094426631927490e-01,-4.197520315647125244e-01,3.227250576019287109e-01,7.680940628051757812e-02,-4.175215214490890503e-02,1.404931535944342613e-03,4.766618087887763977e-02,1.780252754688262939e-01,-7.008097320795059204e-02,2.647871077060699463e-01
6.483631730079650879e-01,7.833989709615707397e-02,7.696464657783508301e-01,8.386789262294769287e-02,5.106219649314880371e-01,7.078525424003601074e-01,1.668707430362701416e-01,-1.725662350654602051e-01,-2.498199790716171265e-01,9.996199607849121094e-01,3.224202198907732964e-03,3.094806671142578125e-01,4.574600756168365479e-01,6.772118806838989258e-01,5.669614672660827637e-01,2.673028269782662392e-03,-1.636041551828384399e-01,5.442278459668159485e-02,2.915703058242797852e-01,3.441501557826995850e-01,1.767760217189788818e-01,-4.781030714511871338e-01,-2.552295327186584473e-01,1.205201745033264160e-01,-5.625600460916757584e-03,2.264586538076400757e-01,-2.261170558631420135e-02,3.517867922782897949e-01,-3.303118944168090820e-01,1.114161163568496704e-01,4.627470970153808594e-01,1.450485438108444214e-01
3.960267007350921631e-01,4.432371556758880615e-01,5.951593518257141113e-01,2.189421653747558594e-02,3.512766659259796143e-01,3.519228100776672363e-01,7.004243731498718262e-01,1.396455764770507812e-01,-4.137147665023803711e-01,6.768335700035095215e-01,-1.308900564908981323e-01,3.496179878711700439e-01,3.756842613220214844e-01,8.472305536270141602e-02,4.746412336826324463e-01,4.993731081485748291e-01,2.247999608516693115e-01,6.448415806517004967e-04,4.358740150928497314e-02,2.876841723918914795e-01,1.233623623847961426e-01,-2.707869708538055420e-01,-3.650398254394531250e-01,5.009198188781738281e-01,-1.345521509647369385e-01,3.848053216934204102e-01,4.886648058891296387e-02,4.699131250381469727e-01,-5.036228299140930176e-01,2.517484426498413086e-01,4.945064187049865723e-01,-5.067259073257446289e-01
1.541702151298522949e-01,-7.390003204345703125e-01,1.538495719432830811e-01,-5.518053099513053894e-02,-2.193423062562942505e-01,-3.301670849323272705e-01,-8.441197872161865234e-02,5.503538846969604492e-01,7.163236737251281738e-01,6.178408265113830566e-01,-3.732703998684883118e-02,1.330477744340896606e-01,-1.428950279951095581e-01,3.130902349948883057e-01,2.473135143518447876e-01,-6.659729480743408203e-01,5.639290809631347656e-01,-1.536791026592254639e-01,-4.543767571449279785e-01,-4.494670927524566650e-01,-8.939299732446670532e-02,1.189804747700691223e-01,4.558053314685821533e-01,4.488699734210968018e-01,-4.185362160205841064e-02,5.387104153633117676e-01,6.041145920753479004e-01,-3.371258974075317383e-01,2.389642149209976196e-01,2.344332933425903320e-01,-2.601082324981689453e-01,-7.814016342163085938e-01
6.965709477663040161e-02,-7.126619219779968262e-01,2.762328684329986572e-01,7.232694327831268311e-02,2.887820303440093994e-01,3.116479218006134033e-01,-2.810001075267791748e-01,3.195389211177825928e-01,7.364243865013122559e-01,8.794559836387634277e-01,2.297842204570770264e-01,-6.333813071250915527e-02,1.114732250571250916e-01,4.551970958709716797e-01,-2.924689054489135742e-01,-3.677145540714263916e-01,3.914232850074768066e-01,1.979435086250305176e-01,-2.654807567596435547e-01,-3.424980938434600830e-01,1.122710853815078735e-02,4.179996252059936523e-01,2.554140090942382812e-01,-1.811387203633785248e-02,1.376630216836929321e-01,3.802749812602996826e-01,3.833361715078353882e-02,6.903243064880371094e-02,3.376031517982482910e-01,4.961588084697723389e-01,-2.513970136642456055e-01,-7.931161522865295410e-01
8.974208682775497437e-02,-6.375038027763366699e-01,1.877920478582382202e-01,1.261112540960311890e-01,5.771129727363586426e-01,7.644277215003967285e-01,-2.683517634868621826e-01,-1.416944060474634171e-02,4.385867416858673096e-01,1.108618140220642090e+00,1.284862458705902100e-01,-1.451813280582427979e-01,3.684931248426437378e-02,5.301649570465087891e-01,-3.764615058898925781e-01,-1.598880589008331299e-01,2.727013081312179565e-02,1.932790428400039673e-01,-3.529474139213562012e-01,-6.082019209861755371e-02,2.570284307003021240e-01,1.923393160104751587e-01,2.844242155551910400e-01,-4.091762900352478027e-01,1.945784389972686768e-01,3.525912165641784668e-01,-2.013863623142242432e-01,3.381650447845458984e-01,1.082219779491424561e-01,3.386943340301513672e-01,-3.625715151429176331e-02,-4.522141516208648682e-01
5.763268843293190002e-02,-6.077220439910888672e-01,3.864598870277404785e-01,2.106476575136184692e-01,6.906939744949340820e-01,7.387279272079467773e-01,4.185653850436210632e-02,-1.089089177548885345e-02,1.621922254562377930e-01,9.989376068115234375e-01,-5.499380175024271011e-03,4.311335831880569458e-02,-7.731821388006210327e-02,3.155921101570129395e-01,8.225395530462265015e-02,2.980707287788391113e-01,-9.723531454801559448e-02,-4.717615619301795959e-02,-1.665696948766708374e-01,6.902629137039184570e-02,1.117635816335678101e-01,-2.239439785480499268e-01,8.680603653192520142e-02,-8.290830999612808228e-02,7.047051936388015747e-02,4.504229128360748291e-01,-2.497245967388153076e-01,5.381345152854919434e-01,-1.231128275394439697e-01,2.566172480583190918e-01,2.140375971794128418e-01,-5.102089643478393555e-01
-6.404867023229598999e-02,-2.222690135240554810e-01,3.989989161491394043e-01,2.609020769596099854e-01,3.307735621929168701e-01,2.598496675491333008e-01,5.205119252204895020e-01,2.229941785335540771e-01,-3.064375519752502441e-01,6.203676462173461914e-01,-1.601717621088027954e-01,9.068048000335693359e-02,-5.588733777403831482e-02,-1.786571294069290161e-01,2.384270429611206055e-01,8.887497186660766602e-01,1.248428523540496826e-01,-2.532494664192199707e-01,-1.797374635934829712e-01,7.241374999284744263e-02,-3.633267804980278015e-02,-1.415023673325777054e-02,-2.683396935462951660e-01,2.546775639057159424e-01,3.732539713382720947e-02,3.744833469390869141e-01,-1.792619973421096802e-01,5.434793829917907715e-01,-1.863964796066284180e-01,4.849403798580169678e-01,3.792825043201446533e-01,-8.929563164710998535e-01
-1.065528318285942078e-01,3.014901466667652130e-02,-3.132103979587554932e-01,-2.738842368125915527e-01,-2.167272567749023438e-01,-4.140408337116241455e-01,4.795927554368972778e-02,-9.265197068452835083e-02,2.484739571809768677e-02,2.246036380529403687e-01,1.476929634809494019e-01,-3.556212782859802246e-02,-3.776748478412628174e-01,-2.432224303483963013e-01,-1.429387629032135010e-01,6.592661142349243164e-02,1.257327646017074585e-01,-1.167716458439826965e-01,3.607998490333557129e-01,-3.117122054100036621e-01,-2.676722109317779541e-01,3.339281678199768066e-02,4.335142672061920166e-01,1.240578144788742065e-01,2.098101675510406494e-01,4.722381383180618286e-02,1.500745117664337158e-01,4.118274897336959839e-03,-1.009638905525207520e-01,-8.605642616748809814e-02,-7.449009418487548828e-01,-6.990838050842285156e-02
-1.291068196296691895e-01,-1.057116407901048660e-02,-4.770146012306213379e-01,-1.572544872760772705e-01,-3.262663781642913818e-01,-3.957880735397338867e-01,-2.903758175671100616e-02,-6.129306182265281677e-02,-1.530112773180007935e-01,1.069863364100456238e-01,-5.788113921880722046e-02,-2.139516472816467285e-01,-5.463891625404357910e-01,-3.590669631958007812e-01,-9.467270225286483765e-02,2.012078613042831421e-01,9.806590527296066284e-02,-2.894583046436309814e-01,3.986118733882904053e-01,-1.436773985624313354e-01,-2.950779199600219727e-01,-1.808270961046218872e-01,1.923989504575729370e-01,-1.786416321992874146e-01,4.265604615211486816e-01,5.337946861982345581e-02,-7.182062137871980667e-03,1.308209449052810669e-01,-1.886177435517311096e-02,-1.299615055322647095e-01,-4.195912480354309082e-01,1.290357764810323715e-02
-2.001059204339981079e-01,-2.171797677874565125e-02,-5.034242868423461914e-01,-4.422663524746894836e-02,-4.959859549999237061e-01,-1.828912347555160522e-01,1.363794505596160889e-01,-2.904467098414897919e-02,-2.008750885725021362e-01,-2.173227025195956230e-03,-9.736963361501693726e-02,-8.059169352054595947e-02,-5.953207015991210938e-01,-4.027047753334045410e-01,1.272979378700256348e-01,5.008458718657493591e-02,-2.326840311288833618e-01,-2.456151992082595825e-01,3.988555669784545898e-01,1.707370132207870483e-01,-6.709866225719451904e-02,-2.455297857522964478e-01,1.194870918989181519e-01,-2.558717131614685059e-01,4.700238704681396484e-01,2.774773538112640381e-02,8.751360327005386353e-02,-7.221032679080963135e-02,2.636754326522350311e-02,-1.507484465837478638e-01,-2.208769880235195160e-02,1.887038648128509521e-01
-1.671953797340393066e-01,-1.104838252067565918e-01,-4.551360905170440674e-01,-3.279031440615653992e-02,-4.141328930854797363e-01,-9.499892592430114746e-02,2.348747700452804565e-01,4.499954730272293091e-02,-1.818568073213100433e-02,9.899012744426727295e-02,5.304950289428234100e-03,3.002671301364898682e-01,-4.605464339256286621e-01,-2.800172865390777588e-01,3.541772961616516113e-01,3.232232481241226196e-02,-5.145073533058166504e-01,-1.560064852237701416e-01,2.658458650112152100e-01,5.322855710983276367e-01,1.770062893629074097e-01,-2.678994238376617432e-01,4.377351328730583191e-02,1.858561784029006958e-01,2.420660257339477539e-01,-1.860126294195652008e-02,1.816967576742172241e-01,-1.325919181108474731e-01,-3.470996320247650146e-01,-6.283075362443923950e-02,1.954709142446517944e-01,1.315831542015075684e-01
-2.005898654460906982e-01,-2.658100798726081848e-03,-3.870345652103424072e-01,-2.807387150824069977e-02,-2.983142137527465820e-01,-2.982971072196960449e-01,2.554786801338195801e-01,5.219788104295730591e-02,-2.341388612985610962e-01,6.321091949939727783e-02,-3.467762842774391174e-02,3.849096894264221191e-01,-2.449131011962890625e-01,-5.545969605445861816e-01,3.644958436489105225e-01,3.831005394458770752e-01,-3.078078031539916992e-01,-2.799945473670959473e-01,3.130015432834625244e-01,5.141462087631225586e-01,4.885016679763793945e-01,-2.014471441507339478e-01,-1.720712780952453613e-01,4.122264087200164795e-01,4.624995216727256775e-02,-2.062052190303802490e-01,1.260998994112014771e-01,-1.621398031711578369e-01,-5.656064748764038086e-01,-2.021824419498443604e-01,3.174206912517547607e-01,-1.826724782586097717e-02
3.592375293374061584e-02,-4.615101963281631470e-02,-5.475370287895202637e-01,-4.489803910255432129e-01,1.122799934819340706e-03,-4.139415025711059570e-01,-9.201345592737197876e-02,-1.047394499182701111e-01,1.903520673513412476e-01,1.314120441675186157e-01,2.673158887773752213e-03,5.622744560241699219e-02,-4.928481876850128174e-01,-3.143866360187530518e-01,1.943642459809780121e-02,2.893882095813751221e-01,1.030290424823760986e-01,2.779598534107208252e-01,4.740837812423706055e-01,-3.365172147750854492e-01,-3.478474318981170654e-01,-7.025804370641708374e-02,6.806403398513793945e-01,4.260312318801879883e-01,2.565766870975494385e-01,3.030060827732086182e-01,1.905843317508697510e-01,7.599637657403945923e-02,2.498368769884109497e-01,-1.296940296888351440e-01,-6.443562507629394531e-01,2.736933343112468719e-02
-1.215351670980453491e-01,6.918022036552429199e-02,-7.298559546470642090e-01,-1.506207436323165894e-01,-2.357615977525711060e-01,-3.568581044673919678e-01,-2.012233436107635498e-01,-8.930975571274757385e-03,-9.102332592010498047e-02,1.605891883373260498e-01,-1.424091756343841553e-01,-2.335484623908996582e-01,-8.225045800209045410e-01,-5.054817199707031250e-01,-2.929474711418151855e-01,2.965153157711029053e-01,-4.273217543959617615e-02,1.628054678440093994e-01,5.200783014297485352e-01,-3.363353013992309570e-01,-3.015251755714416504e-01,-2.813315093517303467e-01,1.825923770666122437e-01,-2.637502849102020264e-01,6.465616226196289062e-01,2.230120599269866943e-01,-1.825869381427764893e-01,1.379200071096420288e-01,2.640615701675415039e-01,-9.947965294122695923e-02,-4.081872105598449707e-01,1.315931975841522217e-01
-9.977128356695175171e-03,2.213632464408874512e-01,-7.683693170547485352e-01,4.677218571305274963e-02,-4.438554048538208008e-01,-3.606972098350524902e-01,-1.437928080558776855e-01,-4.551909863948822021e-02,-2.858895063400268555e-01,1.635092049837112427e-01,-2.014760076999664307e-01,-2.674503028392791748e-01,-9.750372171401977539e-01,-3.451405167579650879e-01,-1.218786612153053284e-01,-2.766277641057968140e-02,-5.070132017135620117e-01,1.268389374017715454e-01,6.665920615196228027e-01,-4.662755876779556274e-02,-1.058074310421943665e-01,-4.972103536128997803e-01,-3.948513418436050415e-02,-5.491924285888671875e-01,6.543728113174438477e-01,1.142466217279434204e-01,-7.713625580072402954e-02,5.842085182666778564e-02,9.785130620002746582e-02,-1.223580539226531982e-01,4.393170401453971863e-02,3.702807128429412842e-01
9.449314326047897339e-02,1.739021539688110352e-01,-7.198362946510314941e-01,6.965386122465133667e-02,-3.952786326408386230e-01,-2.311195135116577148e-01,4.698107391595840454e-02,1.586490683257579803e-02,-1.153569519519805908e-01,2.219379544258117676e-01,-2.610675804316997528e-02,2.903284132480621338e-01,-5.644750595092773438e-01,-2.576636970043182373e-01,2.239335328340530396e-01,-3.949215263128280640e-02,-7.116401791572570801e-01,6.568948179483413696e-02,5.735486745834350586e-01,5.348027348518371582e-01,2.867834866046905518e-01,-5.197308659553527832e-01,-8.066981285810470581e-02,1.013119965791702271e-01,3.355461359024047852e-01,1.084759756922721863e-01,-4.689488559961318970e-03,1.619807928800582886e-01,-3.793043792247772217e-01,-1.320633143186569214e-01,4.745213389396667480e-01,2.558384537696838379e-01
8.414652943611145020e-02,1.108758226037025452e-01,-5.965938568115234375e-01,-7.633976638317108154e-02,-3.584974706172943115e-01,-2.866452038288116455e-01,1.860072612762451172e-01,-2.923475950956344604e-02,-5.723952129483222961e-02,3.057040646672248840e-02,2.339202538132667542e-02,5.265982151031494141e-01,-2.484889626502990723e-01,-5.499628186225891113e-01,2.474917620420455933e-01,5.094621777534484863e-01,-3.097562491893768311e-01,3.115551732480525970e-02,5.295578241348266602e-01,6.123088002204895020e-01,6.102657914161682129e-01,-3.273278474807739258e-01,-1.068526580929756165e-01,5.015091896057128906e-01,4.048903658986091614e-02,1.914866268634796143e-02,3.733297064900398254e-02,3.016366958618164062e-01,-6.393663287162780762e-01,-1.523934006690979004e-01,4.302523434162139893e-01,-4.915660247206687927e-02
1.885127127170562744e-01,4.224184527993202209e-02,-7.427522540092468262e-01,-6.846810579299926758e-01,3.213384151458740234e-01,-5.583333969116210938e-01,-9.728951752185821533e-02,1.895844563841819763e-02,3.217671811580657959e-01,-8.389117568731307983e-02,-1.358714252710342407e-01,-1.850577257573604584e-02,-4.721348881721496582e-01,-5.354865789413452148e-01,-1.231956388801336288e-02,1.850464344024658203e-01,1.224926859140396118e-01,5.444588065147399902e-01,5.460942983627319336e-01,-4.013670384883880615e-01,-5.154597759246826172e-01,-8.979745954275131226e-02,9.436164498329162598e-01,4.317287504673004150e-01,4.279739558696746826e-01,-2.472286857664585114e-02,3.085913062095642090e-01,-1.401295512914657593e-01,5.614459514617919922e-01,-1.817002594470977783e-01,-7.575762271881103516e-01,2.922206185758113861e-02
2.780346572399139404e-01,2.230456918478012085e-01,-1.056060671806335449e+00,-2.117365449666976929e-01,1.771966665983200073e-01,-2.340562939643859863e-01,-2.601915895938873291e-01,2.453774446621537209e-03,-8.478610962629318237e-02,-8.295890875160694122e-03,-2.129382789134979248e-01,-3.691985309123992920e-01,-8.841155767440795898e-01,-8.877039551734924316e-01,-5.704125761985778809e-01,2.772065699100494385e-01,-1.015870794653892517e-01,4.326792657375335693e-01,7.418377399444580078e-01,-4.966782033443450928e-01,-3.145394921302795410e-01,-2.405389398336410522e-01,3.558305501937866211e-01,-3.631562292575836182e-01,7.835443615913391113e-01,-1.027051433920860291e-01,-1.241057962179183960e-01,-4.030700773000717163e-02,4.276276826858520508e-01,-1.112948283553123474e-01,-4.363855123519897461e-01,2.405201047658920288e-01
5.522156953811645508e-01,3.931813240051269531e-01,-1.251040220260620117e+00,-6.422703620046377182e-03,1.124191842973232269e-02,-3.145033717155456543e-01,-2.930956780910491943e-01,-1.687552183866500854e-01,-3.706887066364288330e-01,8.283521980047225952e-03,-2.058006823062896729e-01,-3.443754315376281738e-01,-1.136730670928955078e+00,-6.793570518493652344e-01,-3.843432664871215820e-01,9.766200929880142212e-02,-6.305499076843261719e-01,3.103322982788085938e-01,8.138670921325683594e-01,-1.350562125444412231e-01,6.189257372170686722e-03,-4.843547642230987549e-01,-9.076130390167236328e-02,-7.513393759727478027e-01,7.918537855148315430e-01,-5.592444911599159241e-02,-1.874255388975143433e-01,1.423912048339843750e-01,6.223069503903388977e-03,-3.030874729156494141e-01,9.198366105556488037e-02,5.665139555931091309e-01
6.440064907073974609e-01,3.560487627983093262e-01,-1.061013221740722656e+00,4.461045935750007629e-02,5.296065658330917358e-02,-2.984296381473541260e-01,-1.905245147645473480e-02,-4.856219887733459473e-02,-2.759898304939270020e-01,-1.724581606686115265e-02,-1.982931047677993774e-01,2.195047885179519653e-01,-7.274923324584960938e-01,-4.951159060001373291e-01,2.362457662820816040e-01,1.936445087194442749e-01,-8.144907355308532715e-01,2.941870987415313721e-01,8.261713385581970215e-01,5.036361813545227051e-01,3.301139771938323975e-01,-7.930703163146972656e-01,-1.655923724174499512e-01,3.911803662776947021e-02,3.193621635437011719e-01,3.976099193096160889e-02,-2.157448232173919678e-01,4.819176495075225830e-01,-5.459626913070678711e-01,-4.198808670043945312e-01,5.933328270912170410e-01,3.832806944847106934e-01
4.003922939300537109e-01,4.707560539245605469e-01,-8.194239139556884766e-01,-9.553558379411697388e-02,1.061062216758728027e-01,-2.325510084629058838e-01,3.711898326873779297e-01,-1.250985171645879745e-02,-2.013039588928222656e-01,-1.045830175280570984e-01,-2.884830832481384277e-01,5.252338647842407227e-01,-3.315064013004302979e-01,-7.779865860939025879e-01,2.579969465732574463e-01,7.196489572525024414e-01,-3.545548319816589355e-01,3.247041404247283936e-01,5.907969474792480469e-01,5.180303454399108887e-01,6.091690659523010254e-01,-5.647889375686645508e-01,-1.623100340366363525e-01,5.108273029327392578e-01,3.406885266304016113e-02,1.579330489039421082e-02,-1.902655512094497681e-01,5.809699892997741699e-01,-7.784330844879150391e-01,-1.686157286167144775e-01,5.602608323097229004e-01,-9.727144241333007812e-02
1.681291498243808746e-03,-3.614640831947326660e-01,-5.819740891456604004e-01,-7.449442148208618164e-01,3.295587599277496338e-01,-6.373189687728881836e-01,-3.903323411941528320e-01,8.886427432298660278e-02,6.284348368644714355e-01,-2.717393338680267334e-01,-2.417705506086349487e-01,-3.280312195420265198e-02,-3.485636115074157715e-01,-7.376784682273864746e-01,9.555134922266006470e-03,-1.362584382295608521e-01,1.907778084278106689e-01,4.973573684692382812e-01,5.521560907363891602e-01,-3.215398788452148438e-01,-4.952142536640167236e-01,-2.342172414064407349e-01,7.583979368209838867e-01,4.884522557258605957e-01,3.969441354274749756e-01,-5.399698764085769653e-02,1.914060413837432861e-01,-3.050727248191833496e-01,4.739751815795898438e-01,-3.914089202880859375e-01,-6.136958599090576172e-01,-2.986175715923309326e-01
-1.692199110984802246e-01,-3.438540399074554443e-01,-8.814089894294738770e-01,-4.090033769607543945e-01,4.190583229064941406e-01,-2.225421369075775146e-01,-5.269724130630493164e-01,4.314035177230834961e-02,2.748034000396728516e-01,-1.994183063507080078e-01,-1.906967014074325562e-01,-3.265201449394226074e-01,-6.645528078079223633e-01,-1.003277659416198730e+00,-6.449261307716369629e-01,1.233195140957832336e-01,1.710052043199539185e-02,5.202482342720031738e-01,8.332958817481994629e-01,-3.630630373954772949e-01,-2.082635909318923950e-01,-1.180819794535636902e-01,4.259533286094665527e-01,-2.104265242815017700e-01,6.380217671394348145e-01,-1.890247166156768799e-01,-3.123482167720794678e-01,1.651890575885772705e-03,4.444455504417419434e-01,-2.168140858411788940e-01,-4.761422574520111084e-01,-4.676302894949913025e-03
-1.582960933446884155e-01,-2.988395988941192627e-01,-1.123705148696899414e+00,-1.805798262357711792e-01,3.914711475372314453e-01,-2.345195710659027100e-01,-5.712444782257080078e-01,-1.591591238975524902e-01,-9.857322275638580322e-02,-1.363957375288009644e-01,-2.031726539134979248e-01,-2.664691209793090820e-01,-8.991277217864990234e-01,-7.057315707206726074e-01,-5.010378360748291016e-01,2.187852710485458374e-01,-5.844753980636596680e-01,5.631794929504394531e-01,9.507128000259399414e-01,-1.179942954331636429e-02,1.982806175947189331e-01,-3.787811696529388428e-01,6.419218331575393677e-02,-6.542655825614929199e-01,7.223901152610778809e-01,-2.056573182344436646e-01,-4.758557081222534180e-01,3.356949388980865479e-01,-3.523190680425614119e-04,-3.725905716419219971e-01,-1.580896787345409393e-02,4.453145861625671387e-01
-3.633537515997886658e-02,-1.360782086849212646e-01,-8.698859214782714844e-01,-1.286816447973251343e-01,5.251365303993225098e-01,-2.777414917945861816e-01,-3.173004686832427979e-01,-8.941127359867095947e-02,-1.708371490240097046e-01,-1.736436188220977783e-01,-1.925270110368728638e-01,1.971621811389923096e-01,-5.964661836624145508e-01,-6.900731921195983887e-01,2.259522080421447754e-01,4.688378572463989258e-01,-8.325352072715759277e-01,4.437400996685028076e-01,9.943287372589111328e-01,3.751882910728454590e-01,3.224551975727081299e-01,-7.873209714889526367e-01,-1.428675502538681030e-01,3.033772297203540802e-02,4.096633791923522949e-01,-6.655289232730865479e-02,-4.643039107322692871e-01,7.487576007843017578e-01,-4.737820923328399658e-01,-4.282869696617126465e-01,5.629518032073974609e-01,3.020450472831726074e-01
-1.691418439149856567e-01,2.460711151361465454e-01,-5.732618570327758789e-01,-1.566409170627593994e-01,4.168789386749267578e-01,-3.864365220069885254e-01,2.861064076423645020e-01,1.618373543024063110e-01,-3.654327094554901123e-01,-2.806506752967834473e-01,-3.501146137714385986e-01,3.379441499710083008e-01,-2.823977172374725342e-01,-9.836472868919372559e-01,2.742232084274291992e-01,9.253823757171630859e-01,-3.380277454853057861e-01,3.538177907466888428e-01,6.793388724327087402e-01,3.922232687473297119e-01,3.452208340167999268e-01,-4.904864728450775146e-01,-2.497202008962631226e-01,5.277177095413208008e-01,2.058138698339462280e-01,-1.296917349100112915e-02,-4.289725124835968018e-01,7.656697630882263184e-01,-6.430231332778930664e-01,-2.193806022405624390e-01,6.739648580551147461e-01,-3.160659372806549072e-01
-3.994004428386688232e-01,-9.283446073532104492e-01,-3.404965996742248535e-01,-6.992316246032714844e-01,-1.463380549103021622e-02,-9.126760959625244141e-01,-6.433271169662475586e-01,5.368087887763977051e-01,7.679023146629333496e-01,-4.756741225719451904e-01,-6.270919442176818848e-01,-7.066834717988967896e-02,-2.222333103418350220e-01,-3.448278009891510010e-01,-5.261325463652610779e-02,-4.547013640403747559e-01,1.369144916534423828e-01,2.167633920907974243e-01,3.421870172023773193e-01,-4.226088225841522217e-01,-3.478832840919494629e-01,-1.181703060865402222e-01,5.034713745117187500e-01,3.073189258575439453e-01,2.154570370912551880e-01,-1.712207347154617310e-01,1.367602646350860596e-01,-2.711619138717651367e-01,4.233496785163879395e-01,-2.746245861053466797e-01,-2.119817584753036499e-01,-5.253156423568725586e-01
-7.888826131820678711e-01,-9.911947846412658691e-01,-6.145559549331665039e-01,-4.771422147750854492e-01,4.270600974559783936e-01,-4.684830605983734131e-01,-9.047251343727111816e-01,4.202773272991180420e-01,7.385587096214294434e-01,-4.943032860755920410e-01,-3.209989666938781738e-01,-2.603004574775695801e-01,-2.245396077632904053e-01,-4.630904495716094971e-01,-6.259419918060302734e-01,-2.873421087861061096e-02,-1.163518354296684265e-01,5.692763924598693848e-01,5.471985340118408203e-01,-3.459079861640930176e-01,-1.788221895694732666e-01,8.676520735025405884e-02,3.085651695728302002e-01,-2.136012017726898193e-01,3.709875941276550293e-01,-1.962611824274063110e-01,-4.189248085021972656e-01,1.939404755830764771e-01,4.171573519706726074e-01,-1.169453710317611694e-01,-2.089963555335998535e-01,-6.209520697593688965e-01
-1.031867265701293945e+00,-8.972037434577941895e-01,-9.479188919067382812e-01,-3.193875253200531006e-01,6.904998421669006348e-01,-2.115144133567810059e-01,-8.549458384513854980e-01,1.722130477428436279e-01,4.852193593978881836e-01,-4.377569258213043213e-01,-3.380432128906250000e-01,-2.445851117372512817e-01,-4.075965285301208496e-01,-4.201281368732452393e-01,-6.276367902755737305e-01,2.371659129858016968e-01,-5.600041151046752930e-01,5.614178776741027832e-01,5.191501975059509277e-01,-5.231260135769844055e-02,2.238123267889022827e-01,-9.790768474340438843e-02,2.915784120559692383e-01,-5.424527525901794434e-01,4.441481828689575195e-01,-1.717640757560729980e-01,-5.919315814971923828e-01,5.314718484878540039e-01,3.129751235246658325e-02,-3.533747792243957520e-01,4.097345098853111267e-02,-3.597192168235778809e-01
-1.087491273880004883e+00,-8.101087212562561035e-01,-6.261274814605712891e-01,-2.002000808715820312e-01,7.943714261054992676e-01,-1.677413135766983032e-01,-4.606346487998962402e-01,1.630720198154449463e-01,2.538079023361206055e-01,-4.993121922016143799e-01,-4.471095502376556396e-01,9.630294144153594971e-02,-3.546145558357238770e-01,-5.465985536575317383e-01,-1.224095933139324188e-02,6.502895951271057129e-01,-6.840844750404357910e-01,3.058624863624572754e-01,5.923891663551330566e-01,1.535521894693374634e-01,2.571400403976440430e-01,-4.855229854583740234e-01,6.425853073596954346e-02,-1.269838958978652954e-01,2.842578291893005371e-01,-8.114988356828689575e-02,-6.972283124923706055e-01,7.618076205253601074e-01,-2.490749657154083252e-01,-4.080634117126464844e-01,3.739168047904968262e-01,-4.110461771488189697e-01
-9.428611397743225098e-01,-3.871200084686279297e-01,-2.441015690565109253e-01,-8.747431635856628418e-02,4.455529153347015381e-01,-4.004225730895996094e-01,1.371330618858337402e-01,3.240948319435119629e-01,-2.014788538217544556e-01,-5.465253591537475586e-01,-5.269042849540710449e-01,2.288376837968826294e-01,-8.005784451961517334e-02,-8.141303062438964844e-01,2.003882229328155518e-01,1.157368779182434082e+00,-3.671449422836303711e-01,7.316026091575622559e-02,4.675237238407135010e-01,2.569817006587982178e-01,1.954741179943084717e-01,-2.122440338134765625e-01,-2.407227009534835815e-01,3.763957917690277100e-01,1.955192387104034424e-01,-2.070865780115127563e-01,-6.893060803413391113e-01,7.227201461791992188e-01,-3.196585178375244141e-01,-1.563062518835067749e-01,5.519174337387084961e-01,-7.529059052467346191e-01
6.482928395271301270e-01,3.959013521671295166e-01,4.057292640209197998e-01,6.270445883274078369e-02,3.271916415542364120e-03,2.675469778478145599e-02,6.244721412658691406e-01,-3.172460198402404785e-01,-3.978630006313323975e-01,4.452738165855407715e-01,4.933584034442901611e-01,-5.188885331153869629e-01,8.150193095207214355e-02,1.986504793167114258e-01,-3.727530241012573242e-01,-5.158807039260864258e-01,1.113688014447689056e-02,-1.767955273389816284e-01,1.576709300279617310e-01,-6.514498591423034668e-01,-7.341265082359313965e-01,-1.288485229015350342e-01,1.332100629806518555e-01,-3.289173543453216553e-01,2.776969969272613525e-01,1.982379406690597534e-01,5.134559869766235352e-01,-4.771552979946136475e-01,3.726119399070739746e-01,3.073359467089176178e-02,-2.800130844116210938e-01,5.413744449615478516e-01
4.922009706497192383e-01,3.755414485931396484e-01,2.497921735048294067e-01,3.092433214187622070e-01,-3.070584125816822052e-02,-1.736163534224033356e-02,5.445410013198852539e-01,-2.480359226465225220e-01,-4.595850408077239990e-01,2.239446789026260376e-01,2.918109297752380371e-01,-6.880601644515991211e-01,-4.504556581377983093e-02,5.873879417777061462e-02,-4.406464695930480957e-01,-3.335240781307220459e-01,1.240155696868896484e-01,-1.627272516489028931e-01,-1.054731011390686035e-01,-4.317866265773773193e-01,-6.639533042907714844e-01,-2.455584704875946045e-01,-1.739336401224136353e-01,-5.227534174919128418e-01,3.074092864990234375e-01,2.424016445875167847e-01,3.563987314701080322e-01,-3.428330421447753906e-01,3.581319451332092285e-01,-6.911442428827285767e-02,-2.915819920599460602e-02,4.734382331371307373e-01
3.921105265617370605e-01,3.585574626922607422e-01,2.812306880950927734e-01,5.215351581573486328e-01,-1.694901138544082642e-01,6.333834677934646606e-02,6.579059362411499023e-01,-2.109961956739425659e-01,-4.282573759555816650e-01,3.675454854965209961e-02,2.482202053070068359e-01,-5.659642815589904785e-01,-1.022125184535980225e-01,5.094708129763603210e-02,-2.608386576175689697e-01,-4.444490671157836914e-01,-1.950147897005081177e-01,-1.088488772511482239e-01,-3.394610285758972168e-01,-1.174117103219032288e-01,-3.719189167022705078e-01,-2.437330782413482666e-01,-2.006371170282363892e-01,-5.635316967964172363e-01,2.393429428339004517e-01,1.474702060222625732e-01,4.301850497722625732e-01,-5.095287561416625977e-01,3.083051741123199463e-01,-1.570139974355697632e-01,1.955744475126266479e-01,5.157201290130615234e-01
4.672193825244903564e-01,2.707177996635437012e-01,3.322660923004150391e-01,5.102565288543701172e-01,-8.594857901334762573e-02,1.379098296165466309e-01,6.172418594360351562e-01,-1.915805339813232422e-01,-2.929162085056304932e-01,2.007222175598144531e-01,3.000803589820861816e-01,-1.462175697088241577e-01,-6.515100598335266113e-02,2.066766023635864258e-01,-4.781000316143035889e-02,-4.222557842731475830e-01,-4.755176305770874023e-01,-8.157995343208312988e-02,-4.621494710445404053e-01,1.826679855585098267e-01,-5.574645474553108215e-02,-2.426892369985580444e-01,-3.676064312458038330e-01,-5.922717973589897156e-02,-2.956082485616207123e-02,-9.984564036130905151e-02,4.905234277248382568e-01,-5.977861881256103516e-01,-6.624497007578611374e-03,-1.466636508703231812e-01,3.646683394908905029e-01,5.656252503395080566e-01
5.598698258399963379e-01,4.015497267246246338e-01,4.359288215637207031e-01,3.520353138446807861e-01,-3.617348521947860718e-02,-7.013549655675888062e-02,4.683372974395751953e-01,-2.074584960937500000e-01,-5.600854754447937012e-01,2.857402861118316650e-01,1.668473482131958008e-01,-7.686413824558258057e-02,-1.075860951095819473e-02,6.597736477851867676e-02,-4.297427460551261902e-02,-9.620445966720581055e-02,-2.952759265899658203e-01,-1.845098733901977539e-01,-1.344356387853622437e-01,8.726636320352554321e-02,2.513797283172607422e-01,-1.888356506824493408e-01,-6.701869368553161621e-01,1.638808101415634155e-01,-1.784498095512390137e-01,-3.554478585720062256e-01,3.150711953639984131e-01,-6.507905721664428711e-01,-2.821078002452850342e-01,-2.269477099180221558e-01,4.635251462459564209e-01,6.335803866386413574e-01
5.517782568931579590e-01,1.594717800617218018e-01,4.431699514389038086e-01,-1.169584020972251892e-01,7.925630360841751099e-02,1.486360132694244385e-01,2.976558208465576172e-01,-2.758764326572418213e-01,-4.197479691356420517e-03,1.952641159296035767e-01,4.697900116443634033e-01,-3.193568289279937744e-01,1.040872335433959961e-01,3.566141128540039062e-01,-2.243839651346206665e-01,-1.717621684074401855e-01,1.832506209611892700e-01,5.695614218711853027e-02,-1.510173082351684570e-01,-5.747153162956237793e-01,-7.515996098518371582e-01,9.583342075347900391e-02,3.153817951679229736e-01,5.201304703950881958e-02,-1.177118048071861267e-01,4.590207338333129883e-01,4.425542652606964111e-01,-2.517361342906951904e-01,5.872325301170349121e-01,-1.329640578478574753e-02,-3.050250709056854248e-01,4.600560665130615234e-01
2.645502984523773193e-01,3.019357323646545410e-01,2.692025005817413330e-01,3.653820753097534180e-01,-7.955153286457061768e-02,9.228549152612686157e-02,2.552556097507476807e-01,-1.300441026687622070e-01,-1.955156326293945312e-01,2.037473022937774658e-03,3.690265715122222900e-01,-6.615731716156005859e-01,-1.598961055278778076e-01,2.003433406352996826e-01,-5.552433729171752930e-01,-6.715910881757736206e-02,1.521248966455459595e-01,-3.324933722615242004e-02,-5.675947070121765137e-01,-5.159449577331542969e-01,-6.753766536712646484e-01,2.019360661506652832e-02,-1.900345236063003540e-01,-5.403627753257751465e-01,3.574074804782867432e-02,4.352655410766601562e-01,1.604308336973190308e-01,-2.119154036045074463e-01,5.672082901000976562e-01,1.469221338629722595e-02,-1.008857637643814087e-01,3.809406459331512451e-01
2.768770456314086914e-01,4.244663119316101074e-01,2.797649502754211426e-01,7.605887055397033691e-01,-2.268897891044616699e-01,-1.960133016109466553e-02,2.811096906661987305e-01,-1.163025647401809692e-01,-3.427908122539520264e-01,-7.905435562133789062e-02,3.284564614295959473e-01,-7.204058170318603516e-01,-2.707756459712982178e-01,3.687047660350799561e-01,-4.371166527271270752e-01,-4.447985887527465820e-01,-2.923814654350280762e-01,-7.970868051052093506e-02,-6.774021387100219727e-01,-2.340159863233566284e-01,-3.641053438186645508e-01,-4.677749797701835632e-02,-3.738525509834289551e-01,-7.580226659774780273e-01,-6.707228720188140869e-02,2.213095426559448242e-01,2.185935676097869873e-01,-2.997912466526031494e-01,3.255904018878936768e-01,-1.193792000412940979e-01,2.121935933828353882e-01,5.114454030990600586e-01
3.939672708511352539e-01,3.838752806186676025e-01,3.222172558307647705e-01,7.545689344406127930e-01,-1.682369112968444824e-01,9.035170078277587891e-02,3.098016679286956787e-01,-8.943920582532882690e-02,-2.288980036973953247e-01,9.780582040548324585e-02,4.472325742244720459e-01,-1.738078892230987549e-01,9.554476477205753326e-03,5.360494256019592285e-01,-1.673985868692398071e-01,-4.819330871105194092e-01,-4.714435935020446777e-01,-8.301588892936706543e-02,-7.360341548919677734e-01,2.392512410879135132e-01,1.768840402364730835e-01,3.452623263001441956e-02,-4.425586163997650146e-01,-7.135814428329467773e-02,-4.102016091346740723e-01,6.646358966827392578e-02,2.379487007856369019e-01,-2.398262023925781250e-01,-1.044753342866897583e-01,-1.506779938936233521e-01,4.993288815021514893e-01,4.906132221221923828e-01
5.274534821510314941e-01,4.163710772991180420e-01,4.336054027080535889e-01,3.912291526794433594e-01,-2.567903399467468262e-01,7.162403315305709839e-02,2.681003808975219727e-01,-1.643593311309814453e-01,-2.525376975536346436e-01,1.022353693842887878e-01,3.832019567489624023e-01,7.831405103206634521e-02,1.711841821670532227e-01,3.420195281505584717e-01,-1.653905510902404785e-01,-2.298810146749019623e-02,-1.339207887649536133e-01,-2.260071970522403717e-02,-4.587581157684326172e-01,2.917658686637878418e-01,5.032271742820739746e-01,1.749172359704971313e-01,-5.565561652183532715e-01,3.107228577136993408e-01,-6.012092232704162598e-01,-1.655541062355041504e-01,1.540324836969375610e-01,-1.256660819053649902e-01,-3.388103544712066650e-01,-1.619910448789596558e-01,4.829594194889068604e-01,3.788340687751770020e-01
4.637011289596557617e-01,2.225337326526641846e-01,4.299931824207305908e-01,-2.505727708339691162e-01,2.162629067897796631e-01,5.784534290432929993e-02,1.592670679092407227e-01,-1.707698404788970947e-01,3.307752609252929688e-01,-6.417436897754669189e-02,4.515256285667419434e-01,-2.999579310417175293e-01,1.299594491720199585e-01,3.468379676342010498e-01,-1.602470427751541138e-01,-1.323321163654327393e-01,3.748934268951416016e-01,6.908260285854339600e-02,-3.669988214969635010e-01,-5.204629898071289062e-01,-7.877817749977111816e-01,3.268532156944274902e-01,5.513005256652832031e-01,1.461340636014938354e-01,-2.636843919754028320e-01,2.036554664373397827e-01,4.468656778335571289e-01,-3.943355679512023926e-01,7.694594264030456543e-01,3.897258266806602478e-02,-4.093919694423675537e-01,3.766427338123321533e-01
4.428584575653076172e-01,3.974980711936950684e-01,9.370516240596771240e-02,3.879291117191314697e-01,1.117824614048004150e-01,2.769438624382019043e-01,1.047408208250999451e-01,-9.182752668857574463e-02,-3.610931336879730225e-02,-2.946403920650482178e-01,4.116396903991699219e-01,-6.857622265815734863e-01,-2.167216092348098755e-01,1.430895552039146423e-02,-6.645567417144775391e-01,-5.600318312644958496e-02,2.260225564241409302e-01,-1.197106614708900452e-01,-7.197154760360717773e-01,-6.136523485183715820e-01,-5.533726811408996582e-01,3.548451364040374756e-01,4.486291203647851944e-03,-6.015495657920837402e-01,-1.929443627595901489e-01,1.653753221035003662e-01,9.620451927185058594e-02,-3.001679778099060059e-01,6.637709736824035645e-01,1.659643054008483887e-01,-1.450648903846740723e-01,3.644742369651794434e-01
5.561484694480895996e-01,5.738337635993957520e-01,-6.875604391098022461e-02,7.368279695510864258e-01,-1.851661875844001770e-02,8.169913291931152344e-02,1.079724058508872986e-01,-2.127572894096374512e-01,-3.588731586933135986e-01,-4.272460639476776123e-01,4.423029124736785889e-01,-6.847895383834838867e-01,-3.797399401664733887e-01,2.174435555934906006e-01,-5.285266637802124023e-01,-3.084988296031951904e-01,-2.755264639854431152e-01,-2.972579002380371094e-01,-9.728305935859680176e-01,-2.393919080495834351e-01,-1.405101418495178223e-01,3.311537802219390869e-01,-4.117760360240936279e-01,-8.806027770042419434e-01,-2.763378024101257324e-01,1.352611482143402100e-01,1.413754466921091080e-02,-1.534188985824584961e-01,2.104895412921905518e-01,-8.852472156286239624e-02,2.163034528493881226e-01,6.277104616165161133e-01
6.206521391868591309e-01,5.591425895690917969e-01,8.847558498382568359e-02,7.350157499313354492e-01,4.462201893329620361e-02,1.033416762948036194e-01,1.681072264909744263e-01,-1.559303700923919678e-01,-2.811684906482696533e-01,-3.892077207565307617e-01,3.615097105503082275e-01,-1.218637973070144653e-01,-5.387654528021812439e-02,4.695062637329101562e-01,-3.068181499838829041e-02,-2.822920978069305420e-01,-4.356402158737182617e-01,-1.958699971437454224e-01,-9.416971206665039062e-01,2.982097268104553223e-01,2.764618098735809326e-01,2.660574018955230713e-01,-5.386751890182495117e-01,-4.576994851231575012e-02,-7.492536306381225586e-01,1.159211918711662292e-01,-6.583189964294433594e-02,9.770617634057998657e-02,-3.358698189258575439e-01,-2.831285893917083740e-01,6.133903264999389648e-01,5.263592004776000977e-01
5.239058732986450195e-01,7.406885623931884766e-01,2.569465339183807373e-01,3.679790198802947998e-01,-1.934668794274330139e-02,1.530109345912933350e-01,3.424858748912811279e-01,-1.267549097537994385e-01,-2.822885811328887939e-01,-1.998635828495025635e-01,1.771504729986190796e-01,1.373521983623504639e-01,2.443370223045349121e-01,2.906845211982727051e-01,-4.237711802124977112e-02,1.707741320133209229e-01,-8.824216201901435852e-03,2.761649154126644135e-02,-7.316997647285461426e-01,2.741532325744628906e-01,6.007547974586486816e-01,3.773015141487121582e-01,-5.539620518684387207e-01,4.218957126140594482e-01,-8.705074787139892578e-01,-1.087518632411956787e-01,-1.516910195350646973e-01,1.503558903932571411e-01,-5.238500237464904785e-01,-8.764425665140151978e-02,5.255385041236877441e-01,2.552207708358764648e-01
7.746515423059463501e-02,-1.640339195728302002e-01,5.093765258789062500e-01,-2.812443077564239502e-01,1.734934151172637939e-01,4.573587328195571899e-02,-2.478279769420623779e-01,-1.370451301336288452e-01,7.379484772682189941e-01,-2.996580898761749268e-01,3.168711662292480469e-01,-1.848587244749069214e-01,1.153862625360488892e-01,2.117275148630142212e-01,1.259533762931823730e-01,-3.561530709266662598e-01,5.219045877456665039e-01,-1.544694304466247559e-01,-3.639096021652221680e-01,-3.233659565448760986e-01,-6.914145350456237793e-01,1.631748378276824951e-01,4.208182990550994873e-01,2.219638377428054810e-01,-3.338026106357574463e-01,1.398036628961563110e-01,2.558363676071166992e-01,-5.041892528533935547e-01,6.604383587837219238e-01,7.265524938702583313e-03,-2.940105199813842773e-01,-2.016869932413101196e-02
-1.927099376916885376e-01,-6.544744223356246948e-02,1.754834204912185669e-01,2.204524576663970947e-01,1.932469457387924194e-01,3.166589736938476562e-01,-3.639918863773345947e-01,-9.716926515102386475e-02,3.724964559078216553e-01,-5.261497497558593750e-01,4.470487236976623535e-01,-5.088101029396057129e-01,-1.674113422632217407e-01,-7.521767914295196533e-02,-4.488518834114074707e-01,-1.632517427206039429e-01,4.248073101043701172e-01,-2.986620068550109863e-01,-6.620900034904479980e-01,-3.673425316810607910e-01,-3.814942240715026855e-01,4.940836429595947266e-01,6.611445546150207520e-02,-4.131895601749420166e-01,-4.017882347106933594e-01,1.112143546342849731e-01,-1.503288298845291138e-01,-2.730264663696289062e-01,6.278362870216369629e-01,1.570633500814437866e-01,-2.517698705196380615e-01,8.276880532503128052e-02
-3.072430491447448730e-01,2.316238731145858765e-02,-8.939616382122039795e-02,5.760066509246826172e-01,2.390676736831665039e-01,1.716792434453964233e-01,-3.662474751472473145e-01,-2.454335093498229980e-01,-4.953830316662788391e-02,-6.942223906517028809e-01,4.298244416713714600e-01,-4.262850284576416016e-01,-3.055612444877624512e-01,1.955261230468750000e-01,-3.426907956600189209e-01,-1.868744343519210815e-01,-1.261079907417297363e-01,-3.547509312629699707e-01,-8.521677851676940918e-01,-6.662552803754806519e-02,1.012317836284637451e-01,4.854942262172698975e-01,-2.887471914291381836e-01,-7.494785785675048828e-01,-4.250219166278839111e-01,4.203816130757331848e-02,-3.465520143508911133e-01,-9.346206672489643097e-03,1.031704768538475037e-01,-4.680199548602104187e-02,7.688223570585250854e-02,5.430648922920227051e-01
-3.087467551231384277e-01,1.971121281385421753e-01,1.225936636328697205e-01,5.496463179588317871e-01,3.436584174633026123e-01,1.051164120435714722e-01,-2.380785197019577026e-01,-1.863986998796463013e-01,-1.684127748012542725e-01,-6.546478271484375000e-01,3.367482125759124756e-01,-4.920717328786849976e-04,9.001521393656730652e-03,3.015404939651489258e-01,1.874970346689224243e-01,-4.555675014853477478e-02,-3.968482911586761475e-01,-2.218080759048461914e-01,-8.089231848716735840e-01,3.040383160114288330e-01,3.486195802688598633e-01,2.628572881221771240e-01,-4.677127599716186523e-01,1.031742664054036140e-03,-7.308549880981445312e-01,7.821996510028839111e-02,-4.038332104682922363e-01,2.715719342231750488e-01,-3.536945283412933350e-01,-1.590886861085891724e-01,5.880099534988403320e-01,5.211590528488159180e-01
-3.138040602207183838e-01,5.946200489997863770e-01,3.744125068187713623e-01,3.049066364765167236e-01,1.206685081124305725e-01,3.562523052096366882e-02,2.093858569860458374e-01,2.566548995673656464e-02,-3.805519640445709229e-01,-4.246676862239837646e-01,9.711452573537826538e-02,5.489642173051834106e-02,2.374493330717086792e-01,4.198480024933815002e-02,1.119765192270278931e-01,3.291953802108764648e-01,1.787480711936950684e-02,-7.069665193557739258e-02,-6.533559560775756836e-01,2.441985309123992920e-01,4.769097268581390381e-01,4.990576505661010742e-01,-5.815085172653198242e-01,4.832545518875122070e-01,-7.429143190383911133e-01,-1.976562105119228363e-02,-4.960279762744903564e-01,3.439364135265350342e-01,-5.087463259696960449e-01,-5.237433314323425293e-02,6.048836112022399902e-01,6.643949449062347412e-02
-3.969832658767700195e-01,-5.902739763259887695e-01,6.714149117469787598e-01,-2.501340806484222412e-01,-1.728728711605072021e-01,-2.109379023313522339e-01,-6.314695477485656738e-01,2.514777779579162598e-01,9.079512357711791992e-01,-2.911432385444641113e-01,-1.088183969259262085e-01,-1.343002021312713623e-01,5.689978972077369690e-02,5.793339610099792480e-01,2.581023871898651123e-01,-6.053414940834045410e-01,4.132336378097534180e-01,-3.284772634506225586e-01,-1.549953967332839966e-01,-3.578506112098693848e-01,-5.078899860382080078e-01,1.102963164448738098e-01,2.243909090757369995e-01,7.566259801387786865e-02,-3.092123568058013916e-01,5.812373710796236992e-04,1.289349645376205444e-01,-4.936358034610748291e-01,5.837712287902832031e-01,1.316091716289520264e-01,8.212344348430633545e-02,-1.586309671401977539e-01
-9.307489991188049316e-01,-5.725017189979553223e-01,3.282327353954315186e-01,1.227956265211105347e-01,2.381152808666229248e-01,1.605699956417083740e-01,-8.982037901878356934e-01,2.079849392175674438e-01,8.311102986335754395e-01,-5.943136811256408691e-01,2.202830761671066284e-01,-3.208791911602020264e-01,8.685742318630218506e-02,4.271545708179473877e-01,-2.056627422571182251e-01,-2.630182802677154541e-01,2.968574464321136475e-01,-1.930377781391143799e-01,-4.219890534877777100e-01,-2.402907460927963257e-01,-2.607631981372833252e-01,4.996767938137054443e-01,-1.678658463060855865e-02,-3.868969678878784180e-01,-4.552781879901885986e-01,2.783502452075481415e-02,-2.978349328041076660e-01,-1.309459656476974487e-01,5.509105324745178223e-01,2.896544635295867920e-01,9.858238045126199722e-04,-3.826811313629150391e-01
-1.287288784980773926e+00,-4.953259527683258057e-01,-3.468540683388710022e-02,3.886613845825195312e-01,4.855662882328033447e-01,2.692073881626129150e-01,-8.300356864929199219e-01,-1.044027693569660187e-02,5.287162065505981445e-01,-6.777818799018859863e-01,2.450289726257324219e-01,-3.240323960781097412e-01,-9.429387282580137253e-04,4.748767912387847900e-01,-2.596628069877624512e-01,-8.940349519252777100e-02,-1.207537874579429626e-01,-2.380759865045547485e-01,-7.408801317214965820e-01,1.780398562550544739e-02,1.575118005275726318e-01,4.555161893367767334e-01,-1.264150999486446381e-02,-6.651518940925598145e-01,-5.046438574790954590e-01,-1.462482474744319916e-02,-5.476188659667968750e-01,1.378655135631561279e-01,8.871004730463027954e-02,2.783296257257461548e-02,1.328831166028976440e-01,-1.077428460121154785e-01
-1.429266810417175293e+00,-3.844425976276397705e-01,2.012287378311157227e-01,4.407513141632080078e-01,5.150831341743469238e-01,2.680760622024536133e-01,-5.032633543014526367e-01,-2.489482983946800232e-02,2.330206334590911865e-01,-6.725836992263793945e-01,8.231955766677856445e-02,7.384605705738067627e-03,6.571638584136962891e-02,3.863441646099090576e-01,1.558515578508377075e-01,1.381145268678665161e-01,-3.348346352577209473e-01,-2.791060209274291992e-01,-6.247421503067016602e-01,1.633541882038116455e-01,3.240332305431365967e-01,2.615566551685333252e-01,-2.559409737586975098e-01,-1.591395586729049683e-01,-6.605062484741210938e-01,2.019163966178894043e-02,-7.193515896797180176e-01,2.973344326019287109e-01,-2.264185100793838501e-01,-8.473382890224456787e-02,4.115152657032012939e-01,-1.023835316300392151e-01
-1.271286606788635254e+00,3.777329623699188232e-02,5.438709855079650879e-01,3.987673819065093994e-01,2.399138920009136200e-02,4.180580750107765198e-02,-6.159256398677825928e-02,9.777171164751052856e-02,-2.156834751367568970e-01,-4.440916478633880615e-01,-1.178302094340324402e-01,4.109913483262062073e-02,3.120557665824890137e-01,1.353266835212707520e-01,2.029852569103240967e-01,5.420424342155456543e-01,-5.368971824645996094e-02,-2.439869642257690430e-01,-4.443420171737670898e-01,2.338480353355407715e-01,3.498014211654663086e-01,5.152730345726013184e-01,-5.663807392120361328e-01,3.176788687705993652e-01,-5.738124251365661621e-01,-2.119524925947189331e-01,-7.852515578269958496e-01,2.832300662994384766e-01,-3.144668340682983398e-01,1.179718524217605591e-01,5.099221467971801758e-01,-3.172765672206878662e-01
